-- phpMyAdmin SQL Dump
-- version 5.2.2
-- https://www.phpmyadmin.net/
--
-- Host: localhost:3306
-- Generation Time: Jan 30, 2026 at 11:05 AM
-- Server version: 10.6.24-MariaDB
-- PHP Version: 8.4.16

SET SQL_MODE = "NO_AUTO_VALUE_ON_ZERO";
START TRANSACTION;
SET time_zone = "+00:00";


/*!40101 SET @OLD_CHARACTER_SET_CLIENT=@@CHARACTER_SET_CLIENT */;
/*!40101 SET @OLD_CHARACTER_SET_RESULTS=@@CHARACTER_SET_RESULTS */;
/*!40101 SET @OLD_COLLATION_CONNECTION=@@COLLATION_CONNECTION */;
/*!40101 SET NAMES utf8mb4 */;

--
-- Database: `bssstageserver3_green_sm_db`
--

-- --------------------------------------------------------

--
-- Table structure for table `cache`
--

CREATE TABLE `cache` (
  `key` varchar(255) NOT NULL,
  `value` mediumtext NOT NULL,
  `expiration` int(11) NOT NULL
) ENGINE=InnoDB DEFAULT CHARSET=utf8mb4 COLLATE=utf8mb4_unicode_ci;

-- --------------------------------------------------------

--
-- Table structure for table `cache_locks`
--

CREATE TABLE `cache_locks` (
  `key` varchar(255) NOT NULL,
  `owner` varchar(255) NOT NULL,
  `expiration` int(11) NOT NULL
) ENGINE=InnoDB DEFAULT CHARSET=utf8mb4 COLLATE=utf8mb4_unicode_ci;

-- --------------------------------------------------------

--
-- Table structure for table `classes`
--

CREATE TABLE `classes` (
  `id` bigint(20) UNSIGNED NOT NULL,
  `school_id` bigint(20) UNSIGNED NOT NULL,
  `class_name` varchar(255) NOT NULL,
  `section` varchar(255) DEFAULT NULL,
  `total_students` int(11) DEFAULT NULL,
  `created_at` timestamp NULL DEFAULT NULL,
  `updated_at` timestamp NULL DEFAULT NULL
) ENGINE=InnoDB DEFAULT CHARSET=utf8mb4 COLLATE=utf8mb4_unicode_ci;

--
-- Dumping data for table `classes`
--

INSERT INTO `classes` (`id`, `school_id`, `class_name`, `section`, `total_students`, `created_at`, `updated_at`) VALUES
(24, 7, 'VIII', NULL, NULL, '2025-11-03 10:41:38', '2025-11-03 15:31:10'),
(25, 7, 'IX', NULL, NULL, '2025-11-03 10:45:03', '2025-11-03 15:31:15'),
(26, 7, 'X', NULL, NULL, '2025-11-03 13:59:30', '2025-11-03 15:31:19'),
(31, 5, 'XII', NULL, NULL, '2025-11-05 09:11:47', '2025-11-05 09:11:47'),
(32, 5, 'IV', NULL, NULL, '2025-11-05 09:49:08', '2025-11-05 09:49:08');

-- --------------------------------------------------------

--
-- Table structure for table `domain_targets`
--

CREATE TABLE `domain_targets` (
  `id` bigint(20) UNSIGNED NOT NULL,
  `domain` varchar(255) NOT NULL,
  `bronze_threshold` decimal(10,2) NOT NULL,
  `silver_threshold` decimal(10,2) NOT NULL,
  `gold_threshold` decimal(10,2) NOT NULL,
  `unit` varchar(255) NOT NULL,
  `notes` text DEFAULT NULL,
  `created_at` timestamp NULL DEFAULT NULL,
  `updated_at` timestamp NULL DEFAULT NULL
) ENGINE=InnoDB DEFAULT CHARSET=utf8mb4 COLLATE=utf8mb4_unicode_ci;

--
-- Dumping data for table `domain_targets`
--

INSERT INTO `domain_targets` (`id`, `domain`, `bronze_threshold`, `silver_threshold`, `gold_threshold`, `unit`, `notes`, `created_at`, `updated_at`) VALUES
(1, 'Waste', 500.00, 750.00, 1000.00, '600', 'sdsadas', '2025-10-27 07:23:22', '2025-10-27 07:23:22');

-- --------------------------------------------------------

--
-- Table structure for table `medals`
--

CREATE TABLE `medals` (
  `id` bigint(20) UNSIGNED NOT NULL,
  `school_id` bigint(20) UNSIGNED NOT NULL,
  `student_id` bigint(20) UNSIGNED DEFAULT NULL,
  `class_id` bigint(20) UNSIGNED DEFAULT NULL,
  `section_id` bigint(20) UNSIGNED DEFAULT NULL,
  `medal_type` varchar(255) NOT NULL,
  `performance_percentage` decimal(11,2) NOT NULL,
  `created_at` timestamp NULL DEFAULT NULL,
  `updated_at` timestamp NULL DEFAULT NULL
) ENGINE=InnoDB DEFAULT CHARSET=utf8mb4 COLLATE=utf8mb4_unicode_ci;

--
-- Dumping data for table `medals`
--

INSERT INTO `medals` (`id`, `school_id`, `student_id`, `class_id`, `section_id`, `medal_type`, `performance_percentage`, `created_at`, `updated_at`) VALUES
(16, 7, NULL, 24, 19, 'Gold', 54.42, '2025-11-03 10:45:58', '2025-11-04 13:57:32'),
(17, 7, NULL, 25, NULL, 'Bronze', 2.39, '2025-11-03 10:49:45', '2025-11-04 10:50:57'),
(18, 7, NULL, 25, 17, 'Silver', 12.42, '2025-11-03 10:51:26', '2025-11-06 13:37:09'),
(19, 7, NULL, NULL, NULL, 'Gold', 51.39, '2025-11-03 11:06:17', '2025-12-12 15:35:34'),
(20, 5, NULL, NULL, NULL, 'Bronze', 0.00, '2025-11-03 11:06:44', '2025-12-12 15:38:26'),
(21, 7, NULL, 24, 18, 'Bronze', 0.00, '2025-11-03 11:17:36', '2025-11-03 14:30:38'),
(22, 7, NULL, 25, 16, 'Bronze', 0.00, '2025-11-03 11:18:34', '2025-11-03 11:18:34'),
(23, 7, NULL, 24, NULL, 'Bronze', 8.91, '2025-11-03 12:09:35', '2025-11-03 12:09:35'),
(24, 7, NULL, 25, 17, 'Gold', 25.24, '2025-11-03 13:32:51', '2025-11-03 13:32:51'),
(25, 7, NULL, 25, 17, 'Gold', 25.24, '2025-11-03 13:33:17', '2025-11-03 13:33:17'),
(26, 7, NULL, 25, 17, 'Gold', 25.24, '2025-11-03 13:33:48', '2025-11-03 13:33:48'),
(27, 7, NULL, 25, 17, 'Gold', 25.24, '2025-11-03 13:34:05', '2025-11-03 13:34:05'),
(28, 7, NULL, 24, 19, 'Silver', 17.81, '2025-11-03 13:43:31', '2025-11-03 13:43:31'),
(29, 7, NULL, 25, 17, 'Gold', 25.24, '2025-11-03 13:43:57', '2025-11-03 13:43:57'),
(30, 7, NULL, 24, 19, 'Silver', 17.81, '2025-11-03 13:44:05', '2025-11-03 13:44:05'),
(31, 7, NULL, 25, 17, 'Gold', 27.57, '2025-11-03 13:49:15', '2025-11-03 13:49:15'),
(32, 7, NULL, 24, 19, 'Gold', 27.10, '2025-11-03 13:49:19', '2025-11-03 13:49:19'),
(33, 7, NULL, 25, 17, 'Gold', 27.57, '2025-11-03 13:49:23', '2025-11-03 13:49:23'),
(34, 7, NULL, 24, 19, 'Gold', 27.10, '2025-11-03 13:49:27', '2025-11-03 13:49:27'),
(35, 7, NULL, 26, 20, 'Gold', 97.35, '2025-11-03 14:01:26', '2025-11-11 13:59:28'),
(36, 7, NULL, 26, 20, 'Bronze', 7.71, '2025-11-03 14:30:47', '2025-11-03 14:30:47'),
(37, 7, NULL, 26, 20, 'Bronze', 7.71, '2025-11-03 14:30:56', '2025-11-03 14:30:56'),
(38, 7, NULL, 25, 17, 'Bronze', 1.00, '2025-11-03 14:31:02', '2025-11-03 14:31:02'),
(39, 7, NULL, 24, 19, 'Bronze', 0.33, '2025-11-03 14:31:06', '2025-11-03 14:31:06'),
(40, 7, NULL, 26, 20, 'Bronze', 7.71, '2025-11-03 14:53:09', '2025-11-03 14:53:09'),
(41, 7, NULL, 25, 17, 'Bronze', 2.14, '2025-11-03 15:26:15', '2025-11-03 15:26:15'),
(42, 7, NULL, 25, 17, 'Bronze', 2.48, '2025-11-03 15:26:51', '2025-11-03 15:26:51'),
(43, 7, NULL, 25, 17, 'Bronze', 2.48, '2025-11-03 15:29:14', '2025-11-03 15:29:14'),
(44, 7, NULL, 26, 20, 'Bronze', 5.05, '2025-11-03 15:41:02', '2025-11-03 15:41:02'),
(45, 7, NULL, 26, 20, 'Bronze', 5.05, '2025-11-03 15:42:27', '2025-11-03 15:42:27'),
(46, 7, NULL, 26, 20, 'Bronze', 5.71, '2025-11-03 15:43:25', '2025-11-03 15:43:25'),
(47, 7, NULL, 25, 17, 'Bronze', 1.73, '2025-11-03 15:43:53', '2025-11-03 15:43:53'),
(48, 7, NULL, 26, 20, 'Bronze', 5.71, '2025-11-03 15:46:35', '2025-11-03 15:46:35'),
(49, 7, NULL, 26, 20, 'Bronze', 1.31, '2025-11-03 15:46:38', '2025-11-03 15:46:38'),
(50, 7, NULL, 26, 20, 'Bronze', 1.31, '2025-11-03 15:47:06', '2025-11-03 15:47:06'),
(51, 7, NULL, 26, 20, 'Bronze', 5.71, '2025-11-03 15:47:07', '2025-11-03 15:47:07'),
(52, 7, NULL, 26, 21, 'Bronze', 4.90, '2025-11-03 15:48:48', '2025-12-12 16:23:58'),
(53, 7, NULL, 26, 21, 'Bronze', 3.57, '2025-11-04 08:52:18', '2025-11-04 08:52:18'),
(54, 7, NULL, 26, 21, 'Bronze', 3.57, '2025-11-04 08:52:40', '2025-11-04 08:52:40'),
(55, 7, NULL, 26, 21, 'Bronze', 3.57, '2025-11-04 08:52:41', '2025-11-04 08:52:41'),
(56, 7, NULL, 26, 21, 'Bronze', 3.57, '2025-11-04 08:52:42', '2025-11-04 08:52:42'),
(57, 7, NULL, 26, 21, 'Bronze', 3.57, '2025-11-04 08:52:42', '2025-11-04 08:52:42'),
(58, 7, NULL, 26, 21, 'Bronze', 3.57, '2025-11-04 08:52:43', '2025-11-04 08:52:43'),
(59, 7, NULL, 26, 21, 'Bronze', 3.57, '2025-11-04 08:52:46', '2025-11-04 08:52:46'),
(60, 7, NULL, 26, 21, 'Bronze', 3.57, '2025-11-04 08:52:56', '2025-11-04 08:52:56'),
(61, 7, NULL, 26, 21, 'Bronze', 3.57, '2025-11-04 08:52:57', '2025-11-04 08:52:57'),
(62, 7, NULL, 26, 21, 'Bronze', 3.57, '2025-11-04 08:52:57', '2025-11-04 08:52:57'),
(63, 7, NULL, 26, 21, 'Bronze', 3.57, '2025-11-04 08:52:58', '2025-11-04 08:52:58'),
(64, 7, NULL, 26, 21, 'Bronze', 3.57, '2025-11-04 08:53:10', '2025-11-04 08:53:10'),
(65, 7, NULL, 26, 21, 'Bronze', 3.57, '2025-11-04 08:53:12', '2025-11-04 08:53:12'),
(66, 7, NULL, 26, 21, 'Bronze', 3.57, '2025-11-04 08:53:12', '2025-11-04 08:53:12'),
(67, 7, NULL, 26, 21, 'Bronze', 3.57, '2025-11-04 08:53:13', '2025-11-04 08:53:13'),
(68, 7, NULL, 26, 21, 'Bronze', 3.57, '2025-11-04 08:53:13', '2025-11-04 08:53:13'),
(69, 7, NULL, 26, 21, 'Bronze', 3.57, '2025-11-04 08:53:13', '2025-11-04 08:53:13'),
(70, 7, NULL, 26, 21, 'Bronze', 3.57, '2025-11-04 08:54:08', '2025-11-04 08:54:08'),
(71, 7, NULL, 26, 20, 'Bronze', 1.31, '2025-11-04 09:07:40', '2025-11-04 09:07:40'),
(72, 7, NULL, 26, 21, 'Bronze', 3.57, '2025-11-04 09:08:38', '2025-11-04 09:08:38'),
(73, 7, NULL, 26, 20, 'Bronze', 5.71, '2025-11-04 09:13:01', '2025-11-04 09:13:01'),
(74, 7, NULL, 26, 20, 'Bronze', 5.71, '2025-11-04 09:16:27', '2025-11-04 09:16:27'),
(75, 7, NULL, 26, 20, 'Bronze', 5.71, '2025-11-04 09:19:19', '2025-11-04 09:19:19'),
(76, 7, NULL, 26, 20, 'Bronze', 5.71, '2025-11-04 09:19:27', '2025-11-04 09:19:27'),
(77, 7, NULL, 26, 20, 'Bronze', 5.71, '2025-11-04 09:22:43', '2025-11-04 09:22:43'),
(78, 7, NULL, 26, 20, 'Bronze', 5.71, '2025-11-04 09:22:57', '2025-11-04 09:22:57'),
(79, 7, NULL, 26, 20, 'Gold', 29.52, '2025-11-04 09:23:14', '2025-11-04 09:23:14'),
(80, 7, NULL, 26, 20, 'Gold', 29.52, '2025-11-04 09:23:25', '2025-11-04 09:23:25'),
(81, 7, NULL, 26, 20, 'Gold', 29.52, '2025-11-04 09:24:05', '2025-11-04 09:24:05'),
(82, 7, NULL, 26, 20, 'Gold', 42.02, '2025-11-04 09:24:44', '2025-11-04 09:24:44'),
(83, 7, NULL, 26, 20, 'Gold', 42.02, '2025-11-04 09:27:12', '2025-11-04 09:27:12'),
(84, 7, NULL, 26, 20, 'Gold', 42.02, '2025-11-04 09:27:15', '2025-11-04 09:27:15'),
(85, 7, NULL, 26, 20, 'Gold', 42.02, '2025-11-04 10:23:56', '2025-11-04 10:23:56'),
(86, 7, NULL, 26, 20, 'Gold', 42.02, '2025-11-04 10:30:54', '2025-11-04 10:30:54'),
(87, 7, NULL, 26, 20, 'Gold', 42.02, '2025-11-04 10:34:27', '2025-11-04 10:34:27'),
(88, 7, NULL, 26, 20, 'Gold', 42.02, '2025-11-04 10:35:06', '2025-11-04 10:35:06'),
(89, 7, NULL, 26, 20, 'Gold', 42.02, '2025-11-04 10:35:07', '2025-11-04 10:35:07'),
(90, 7, NULL, 26, 20, 'Gold', 42.02, '2025-11-04 10:35:08', '2025-11-04 10:35:08'),
(91, 7, NULL, 26, 20, 'Gold', 42.02, '2025-11-04 10:35:08', '2025-11-04 10:35:08'),
(92, 7, NULL, 26, 20, 'Gold', 42.02, '2025-11-04 10:35:09', '2025-11-04 10:35:09'),
(93, 7, NULL, 26, 20, 'Gold', 42.02, '2025-11-04 10:35:33', '2025-11-04 10:35:33'),
(94, 7, NULL, 26, 20, 'Gold', 42.02, '2025-11-04 10:37:31', '2025-11-04 10:37:31'),
(95, 7, NULL, 26, 20, 'Gold', 42.02, '2025-11-04 10:37:34', '2025-11-04 10:37:34'),
(96, 7, NULL, 26, 20, 'Gold', 42.02, '2025-11-04 10:37:43', '2025-11-04 10:37:43'),
(97, 7, NULL, 26, 20, 'Gold', 42.02, '2025-11-04 10:37:58', '2025-11-04 10:37:58'),
(98, 7, NULL, 26, 20, 'Gold', 42.02, '2025-11-04 10:38:02', '2025-11-04 10:38:02'),
(99, 7, NULL, 26, 20, 'Gold', 42.02, '2025-11-04 10:38:10', '2025-11-04 10:38:10'),
(100, 7, NULL, 26, 20, 'Gold', 338.29, '2025-11-04 10:40:08', '2025-11-04 10:40:08'),
(101, 7, NULL, 26, 20, 'Gold', 44.69, '2025-11-04 11:01:59', '2025-11-04 11:01:59'),
(102, 7, NULL, 26, 21, 'Bronze', 4.90, '2025-11-05 10:50:46', '2025-11-05 10:50:46'),
(103, 7, NULL, 26, 20, 'Gold', 71.36, '2025-11-05 10:51:02', '2025-11-05 10:51:02'),
(104, 7, NULL, 26, 21, 'Bronze', 4.90, '2025-11-06 07:24:13', '2025-11-06 07:24:13'),
(105, 7, NULL, 26, 21, 'Bronze', 4.90, '2025-11-06 07:47:16', '2025-11-06 07:47:16'),
(106, 7, NULL, 26, 21, 'Bronze', 4.90, '2025-11-06 07:51:30', '2025-11-06 07:51:30'),
(107, 7, NULL, 26, 20, 'Bronze', 5.04, '2025-11-06 07:51:38', '2025-11-06 07:51:38'),
(108, 7, NULL, 26, 21, 'Bronze', 4.90, '2025-11-06 07:52:35', '2025-11-06 07:52:35'),
(109, 7, NULL, 26, 21, 'Bronze', 4.90, '2025-11-06 07:55:44', '2025-11-06 07:55:44'),
(110, 7, NULL, 26, 21, 'Bronze', 4.90, '2025-11-06 07:56:06', '2025-11-06 07:56:06'),
(111, 7, NULL, 26, 21, 'Bronze', 4.90, '2025-11-06 07:58:29', '2025-11-06 07:58:29'),
(112, 7, NULL, 26, 21, 'Bronze', 4.90, '2025-11-06 07:59:11', '2025-11-06 07:59:11');

-- --------------------------------------------------------

--
-- Table structure for table `migrations`
--

CREATE TABLE `migrations` (
  `id` int(10) UNSIGNED NOT NULL,
  `migration` varchar(255) NOT NULL,
  `batch` int(11) NOT NULL
) ENGINE=InnoDB DEFAULT CHARSET=utf8mb4 COLLATE=utf8mb4_unicode_ci;

--
-- Dumping data for table `migrations`
--

INSERT INTO `migrations` (`id`, `migration`, `batch`) VALUES
(1, '2025_10_24_180352_create_classes_table', 1),
(2, '2025_10_24_180526_create_users_table', 2),
(3, '2025_10_24_180622_create_school_baselines_table', 3),
(4, '2025_10_24_180712_create_medals_table', 4),
(5, '2025_10_24_180802_create_domain_targets_table', 5),
(6, '2025_10_24_181027_create_student_actions_table', 6),
(7, '2025_10_24_181141_create_roles_table', 7),
(8, '2025_10_24_182109_create_sessions_table', 8),
(9, '2025_10_28_151345_add_class_id_to_medals_table', 9),
(10, '2025_10_29_123921_create_sections_table', 10),
(13, '2025_10_29_143750_create_students_table', 11),
(14, '2025_10_30_113624_add_is_captain_to_students_table', 12),
(15, '2025_10_31_073312_add_section_id_to_users_table', 13),
(18, '2025_10_31_075814_add_section_id_to_student_actions_table', 14),
(19, '2025_10_31_080848_add_section_id_to_student_actions_table', 15);

-- --------------------------------------------------------

--
-- Table structure for table `roles`
--

CREATE TABLE `roles` (
  `id` bigint(20) UNSIGNED NOT NULL,
  `role` varchar(255) NOT NULL,
  `created_at` timestamp NULL DEFAULT NULL,
  `updated_at` timestamp NULL DEFAULT NULL
) ENGINE=InnoDB DEFAULT CHARSET=utf8mb4 COLLATE=utf8mb4_unicode_ci;

--
-- Dumping data for table `roles`
--

INSERT INTO `roles` (`id`, `role`, `created_at`, `updated_at`) VALUES
(1, 'Admin', NULL, NULL),
(2, 'Student', NULL, NULL),
(3, 'School', NULL, NULL);

-- --------------------------------------------------------

--
-- Table structure for table `schools`
--

CREATE TABLE `schools` (
  `id` bigint(20) UNSIGNED NOT NULL,
  `green_captain_id` bigint(20) UNSIGNED DEFAULT NULL,
  `school_name` varchar(255) NOT NULL,
  `address` text NOT NULL,
  `district_region` varchar(255) NOT NULL,
  `contact_person` varchar(255) NOT NULL,
  `email` varchar(255) NOT NULL,
  `phone` varchar(50) NOT NULL,
  `password` varchar(255) DEFAULT NULL,
  `password_words` varchar(255) DEFAULT NULL,
  `type` enum('Public','Private') NOT NULL,
  `total_classes` int(11) DEFAULT NULL,
  `logo` varchar(255) DEFAULT NULL,
  `map_pin` varchar(255) DEFAULT NULL,
  `created_at` timestamp NULL DEFAULT NULL,
  `updated_at` timestamp NULL DEFAULT NULL
) ENGINE=InnoDB DEFAULT CHARSET=utf8mb4 COLLATE=utf8mb4_unicode_ci;

--
-- Dumping data for table `schools`
--

INSERT INTO `schools` (`id`, `green_captain_id`, `school_name`, `address`, `district_region`, `contact_person`, `email`, `phone`, `password`, `password_words`, `type`, `total_classes`, `logo`, `map_pin`, `created_at`, `updated_at`) VALUES
(5, 4, 'Rabat public school', 'Velit consequatur q', 'Eaque consequatur i', 'Non laboriosam magn', 'lydyma@mailinator.com', '+1 (137) 889-4117', NULL, '12345678', 'Private', 92, '17616669266900e76eab32b.png', 'Quidem proident rep', '2025-10-27 08:58:32', '2025-10-28 15:55:26'),
(7, NULL, 'Casablanca school', '20 boulevard Rachidi, Casablanca 20250, Morocco', 'Casablanca', 'Farid Belkahia', 'school@gmail.com', '43343032564', '$2y$12$V4yYB.LmRH98VGKFiqXLyOYMAk5oLxPdTYObKLf.ShUVBhv9qHeBK', '12345678', 'Public', 34, '17616668616900e72db715a.jpg', NULL, '2025-10-28 15:54:21', '2025-12-12 17:36:07');

-- --------------------------------------------------------

--
-- Table structure for table `school_baselines`
--

CREATE TABLE `school_baselines` (
  `id` bigint(20) UNSIGNED NOT NULL,
  `school_id` bigint(20) UNSIGNED NOT NULL,
  `water_usage_liters` decimal(10,2) NOT NULL,
  `energy_usage_kwh` decimal(10,2) NOT NULL,
  `waste_generated_kg` decimal(10,2) NOT NULL,
  `created_at` timestamp NULL DEFAULT NULL,
  `updated_at` timestamp NULL DEFAULT NULL
) ENGINE=InnoDB DEFAULT CHARSET=utf8mb4 COLLATE=utf8mb4_unicode_ci;

--
-- Dumping data for table `school_baselines`
--

INSERT INTO `school_baselines` (`id`, `school_id`, `water_usage_liters`, `energy_usage_kwh`, `waste_generated_kg`, `created_at`, `updated_at`) VALUES
(5, 5, 3000.00, 2000.00, 500.00, '2025-10-27 08:58:32', '2025-10-27 08:58:32'),
(6, 7, 800.00, 700.00, 1000.00, '2025-10-28 15:54:21', '2025-11-03 15:43:22');

-- --------------------------------------------------------

--
-- Table structure for table `sections`
--

CREATE TABLE `sections` (
  `id` bigint(20) UNSIGNED NOT NULL,
  `school_id` bigint(20) UNSIGNED NOT NULL,
  `class_id` bigint(20) UNSIGNED NOT NULL,
  `section_name` varchar(255) NOT NULL,
  `created_at` timestamp NULL DEFAULT NULL,
  `updated_at` timestamp NULL DEFAULT NULL
) ENGINE=InnoDB DEFAULT CHARSET=utf8mb4 COLLATE=utf8mb4_unicode_ci;

--
-- Dumping data for table `sections`
--

INSERT INTO `sections` (`id`, `school_id`, `class_id`, `section_name`, `created_at`, `updated_at`) VALUES
(16, 7, 25, 'A', '2025-11-03 10:45:13', '2025-11-03 10:45:13'),
(17, 7, 25, 'B', '2025-11-03 10:45:27', '2025-11-03 10:45:27'),
(18, 7, 24, 'C', '2025-11-03 10:45:44', '2025-11-11 08:36:40'),
(19, 7, 24, 'A', '2025-11-03 10:45:54', '2025-11-03 10:45:54'),
(20, 7, 26, 'A', '2025-11-03 13:59:40', '2025-11-03 13:59:40'),
(21, 7, 26, 'B', '2025-11-03 15:45:02', '2025-11-03 15:45:02'),
(22, 5, 31, 'A', '2025-11-05 09:12:17', '2025-11-05 09:12:17'),
(23, 5, 32, 'C', '2025-11-05 09:49:24', '2025-11-05 09:49:24');

-- --------------------------------------------------------

--
-- Table structure for table `sessions`
--

CREATE TABLE `sessions` (
  `id` varchar(255) NOT NULL,
  `user_id` bigint(20) UNSIGNED DEFAULT NULL,
  `ip_address` varchar(45) DEFAULT NULL,
  `user_agent` text DEFAULT NULL,
  `payload` longtext NOT NULL,
  `last_activity` int(11) NOT NULL
) ENGINE=InnoDB DEFAULT CHARSET=utf8mb4 COLLATE=utf8mb4_unicode_ci;

--
-- Dumping data for table `sessions`
--

INSERT INTO `sessions` (`id`, `user_id`, `ip_address`, `user_agent`, `payload`, `last_activity`) VALUES
('0aSc1ZwyT3KHY4G9oL4oZLJrbzjrYOzx5Eu2xtkd', NULL, '185.126.82.201', 'Mozilla/5.0 (Macintosh; Intel Mac OS X 10_15_7) AppleWebKit/537.36 (KHTML, like Gecko) Chrome/114.0.0.0 Safari/537.36', 'ZXlKcGRpSTZJbE5sTTIxblFXMXFZVlYyT1VSaU9XRTViblExUlVFOVBTSXNJblpoYkhWbElqb2lSbFZhVEUxVkx6aDZWSE51VkdWVmVtVjZOV1JxYW1zM01tTk9Xa2hTYlhsM1ExWnplRVJ1TmpWT1ZEZ3pZM1JWYkhWSmFVRlpTMjlHVTBoMmEyRXpSRzFsT0dKaFFVNHpjVGRGWWl0RlVVSk9Xbk5yU0VORWFrZ3lNVFphUms5a1UwZ3ZjelEzTmxkSlJEY3JlbEpEVDJwMlVHbGpLemxsVDFoMFdqTkNUVkZTTm5KWFNteDFXVE5DTWxObmVqaERTbWx0U3l0b2NYUlNSRTV3YUVoYVEwbzJUMFFyY2xaeWJsaFZhVGRNYVd4RlEwVmpNRTVWYlhKQlRsaE5PRXBsVFVFdk5tcEZVa1JWTDNsSksydGxTa0o0Vms5S09FTnhNSFZIUmpkdk16aE1WekI1WlhWMWNFcFZVMGR1TkhFcmJuWmxlV2x5WWpKUU1HdGpUelJHUVRaTlppdGhiMGhKT0UxcVkzTldLM0ptVFd4Tk0xRTlQU0lzSW0xaFl5STZJalV6WVdaak5UVXlPR1ZoTW1FMU9UZzBOV1EyWWpCaFlUUTNNRGRoWTJZM05qRTBaVGxpTnpjeU5HSTVaR1kyWXpkalkyWmtOVGN3TVRobE9HRXhaRFVpTENKMFlXY2lPaUlpZlE9PQ==', 1769748025),
('0dHUgqIYoxY78eNCMq1dVdJX76T5Lem2m9cLl8n3', NULL, '34.228.218.90', 'Mozilla/5.0 (Windows NT 10.0; Win64; x64) AppleWebKit/537.36 (KHTML, like Gecko) Chrome/141.0.0.0 Safari/537.36', 'ZXlKcGRpSTZJbkJYT1dwb1VGaDJabWxLYkV4a1V5dERZM0Z4ZDBFOVBTSXNJblpoYkhWbElqb2lhRTB4UzJjd1QzaHRSM0YzT0VwcWJHVmhZVTlIWVROSVZHWk1SSEV6Y2pabGVEQnlkRFUwUjFwa1JtSXdaMWsxVnpVMWVISjRNMnBwV210bmFuSkNWa0pIZEV4T1pGVjVaVWgxWlZGTFZVOXhXSGRyZFROSVNtTXhjMWgzVnpkblVIbzRjbkpLYkU5d1kzSk1iMVl4ZUZRNFFpOU5WVUpsZG1Zd1NIUXZTRGhMYVZORFVHWlNLM1ZvVFd4SUt6TkNaRlpETHk4MFpIRnJNRVl4YzBGWGRuTjZiWGxhWVhSU2F5OVBSRmx0ZDNaRU1TdHVMMjV4WXpGQ09VaFpXbkJaY0dab2JWVkpkeTk1TldkRU5WVnJWbmxEYzFOb1NGcFFMM0p3YkhnNU9UWjZlbFJVUjBseFRUaG9MMmR0TDJKYVVtOWhOQ3RTZEdZdlJDOHZXVzgxUVZsSVVEVmtZVEZMVnk5NFIxbHBaRTl4WkVWR2FsRTlQU0lzSW0xaFl5STZJamxqTW1JMk4yTTRNMkU0TUdabU0yVXlORFJsTm1Jd1pXVmtZemxrTURVeU1tWTVOMlZrTVRnd05HVmhPVFptTnpOak5qazBNakF4TVRFMlptWXlaVElpTENKMFlXY2lPaUlpZlE9PQ==', 1769572647),
('0gEc6TexK4Jk6ZjmxZesO3q9TXbIu3X533C2RW08', NULL, '123.160.223.75', 'Mozilla/5.0 (Macintosh; Intel Mac OS X 10_15_7) AppleWebKit/537.36 (KHTML, like Gecko) Chrome/120.0.0.0 Safari/537.36', 'ZXlKcGRpSTZJalpFTnpKVGNETnBUM1paY1cwell6RlNabEpKVUdjOVBTSXNJblpoYkhWbElqb2liRGxqWTJaRU5UbHRWVWxSY0VoblVEbExOa1pPWW5ab2FYUlFkWEF6VXpSdU1FTlFNbTk1ZUZsNmVFZGpUbGxNVFU1QlJsTkRRVEJHUlU1TFZrNXZVRTVMY2tSU1ZVaFpXak54TW5aV1lXWlRNSGh6TUZKWVFqWkJVVWxGYnpNck5rUkVXR1ZSYnpsc2RWTkJRMEo2YUhSdk1XbGtVbFphYURKRGREUmtVbmc0WW1KdkwzQjZSRXd5WTBoRlJHMUxObU5WZFNzcllVbG1PWEpOTVhaamNub3dVVlpDT1VkcVNHTTNaM1JIYWtOVlNteFdVWGRsTUVRNFZEWnBaSEpUUjIxNWJWVm9NbTlpY1hoSVNrWnJkRmszVG5reU1HVTNWMHN5T1VkeVVWUldSemRJZEhsWFRVUnpOMHBZWjI1dVNXVjNPV1pUTldWMFdXcFFaMGhvYVc4dll6UmFkV0pqUXpZM1FVSldWalk0T0dodE1WRTlQU0lzSW0xaFl5STZJbUUxTWpBMk16TTROelJqTkRWbE5EaG1OR1JrWW1NMU5UaG1PV05pTlRjek1EazNNelUxTVRobFpHVXhPRGxtTURZNVpUZzJOVEpoTUdObVptVmtZVFVpTENKMFlXY2lPaUlpZlE9PQ==', 1769748153),
('1cPhf6KiaiUGRAdMp5pSXeqULMy9Mf7GkJAWzCoX', NULL, '221.208.113.95', 'Mozilla/5.0 (Windows NT 10.0; Win64; x64) AppleWebKit/537.36 (KHTML, like Gecko) Chrome/119.0.0.0 Safari/537.36', 'ZXlKcGRpSTZJazFKTm1rNGJEWmpSbVI2WTIwNU0yOXdNbTFsYUhjOVBTSXNJblpoYkhWbElqb2lNM2xOV0dJeFlqaHFORXRPT0dSSlZWazNkSGxRU1c5R2R5OTRha2hYTVROQlpXTkdRM2xMY1ROMFZXRklOV1pqVDFaNGNrNUxZMG95WTNOeGNIVkdZbEI2U2poSWFGQXJVbEZoYkRSWU0zWnFabWxoY0daWU1FdGxOM1ZJZUVKWE4zVnFhMGRNVWpWQ2FXeFlaVUZZUlRjNFVrUnBXbkUxWm1wa05rOUhkekEyZEVnelMyOXNRVTQ0VjJscU0zWlBTblJzTVdwSFZYVnBNVzA1UTBJM2JEZElOR2haTDBKNU0xZ3JZVk5DVGxoWk5sRm9kRXh4TTNsdE1tSlRVR2s1VVhjd1QxWlJhVlJxUzJ0amFqbGtXRk42WjFObFlsSTRTR2h3VHpGT2VVZE1NVEIyV0dWVWJGTXpaRTF2VVVjd1ozRXZhMlpITjFKeWNFZ3hXVmg2UVdseVpsUTBRakJXTURGeE1HdFJXVWhVZG5oVGFIYzlQU0lzSW0xaFl5STZJakkyTW1OaFpESTBaVGxrWlRFNFptSTRORGhtTkRobFl6UTJNVFEzTm1VNU9HVmlaall6T1RNM1pERXpOamd6WkdVeE9XTXhaak00TVRJeE9HWmhZVGdpTENKMFlXY2lPaUlpZlE9PQ==', 1769620164),
('1QSyYsunyGZkBByNSqPY0aNwslGlmcPu3uefk8y5', NULL, '43.173.1.57', 'Mozilla/5.0 (iPhone; CPU iPhone OS 13_2_3 like Mac OS X) AppleWebKit/605.1.15 (KHTML, like Gecko) Version/13.0.3 Mobile/15E148 Safari/604.1', 'ZXlKcGRpSTZJbUpYY0VKNU4zaHpORUpwVlROd1NFSnBSMFJrUjJjOVBTSXNJblpoYkhWbElqb2liVmxGTjBoQlRHaFJWV1p1VjNselIzZEtOMnRqY25kM2FWSkxZVFZvUkdSd1pYaFFTMk5KWlcxTGJUSTBWbk5HVmpBNFdtRkVkbEJNYVZKRmJXaEpTR0ZJS3psemRFUXllbkpJUkM5c2RtZExXaXRLYUVORVV6SmhkekZvSzJOR0wxVklVbFJsZWtKMWEzQk9jbTFaWlZKNVp6SmljMHBNVFhkTFJqRXpTSGx0ZG5oeWJHMDNkbGh4U0RscmIzcEVZakpJWldscVVtZ3pPVFJIYVhneVFVWjBVV1I0WVRjelp6TkZXVU0yYTNGQ1EwdzFOVW95T0dselFtOXJSVGQ1WlZKR1NuWjRaSGxCVjJ4UmFteDFNRGcxTXpBeVZESndkbk00VGxZd05EZFdkM0JMWlhCMlRHVkhUVkZoYkdWRFJYZE1NemhTTVd0MlYzcHNlRnBoWkZaeGJHZEdMME5sYVU1VVlWVkdRbm8yV25ObGMyYzlQU0lzSW0xaFl5STZJakJsTXpGaU5HTmpaVGRqT0RObE5UaGhPRGcwTXprNU5tWmtNbUl6WlRoa05URm1NVEZrWWpJeU1XVXlZVE0yT1RreVl6WXdNVGMwTXprME16WXdNR0VpTENKMFlXY2lPaUlpZlE9PQ==', 1769612654),
('1RQX15XM491AfopwSZSXTuBPEMBvRWBTeyjZ3zfP', NULL, '114.96.103.33', 'Mozilla/5.0 (iPhone; CPU iPhone OS 13_2_3 like Mac OS X) AppleWebKit/605.1.15 (KHTML, like Gecko) Version/13.0.3 Mobile/15E148 Safari/604.1', 'ZXlKcGRpSTZJakZwWjJKVU5Xa3hSRWxWT1dwVlVtVXJiM3BRUVhjOVBTSXNJblpoYkhWbElqb2lWVlpsTVdaQlRUUnpkM05YVkVwR2JXeHhaemhvTjFoaFdFSnFNRkpZUW1samVEQTNOazl3VFZsSlp6VjZaVzlZUjFwaWRuVnRjRGx5WXpOcmVrODBhMk00ZFRKeE5FeFhha0V3TmtneFJ6bDBWeXRvWjNScGEzcHVRekZ5Ymswd0wxZ3dLMHRzU25Ob1ZtbFNXRm81UlZOSlNteGlXbTlrWnpCVWIwUkVjM2RwTTA1bE5uVXpNVmxYTDBsTk5sWnVNelpsYkVRd2FDdDJObGxsTVZkb1ZsUmpXbXczTkhsc1pqaFlZVkp3VWpaUk5GZEtUbVppWkdWTVpVbzRSRUkxZEU1b1dYWTFVMUJCVDJ0NWRWaGlNRzVGYzA5blpraFdNSE5JZG5od2N6bHJaWFpCY2xWQ2FHMXhiU3RZVWxadmJrMHpkM0pwVkV4aVNFVkJhMHhWV0VGSGNqWm1NV3hZYm1kUFltTXhTek5zV0VSRGRrRTlQU0lzSW0xaFl5STZJalV6WlRWaU9UTTROR1JrT1dFMU16Z3laakpoWVdOa09XSXdOR1k1WmpKaFlqZGhPRE5sTTJGaU5EbGtPV0k0WmpkbU1HVTBaakZpWmpNNU1UTXlZVGdpTENKMFlXY2lPaUlpZlE9PQ==', 1769661716),
('1t77NSYsNkHeZq4bq9TnRT1CsIthzSQI7qg4hnGy', NULL, '107.150.105.5', 'curl/7.29.0', 'ZXlKcGRpSTZJbFoyU2prelQxVldTRXg0VkZWS2NVUlVTRXRYUlVFOVBTSXNJblpoYkhWbElqb2lXazFtUlRSM1RXeGpUbEJzVWpWbGFFdE1iV05xZW5WWFZVTlNSa0ZNT1dsU1dVRkxhbFoyVDNkYUswMHJibWs0VXpscFoycHpORFZ6V0VwamNXeDZRak5QZWxSMmRtWTVaR0ZGZFVSMVpGUm5ZVWw1UkhwQ2JucE9XVFJsWmxSc1ZuZ3hUVXhVVVdoSGQzazFRbWhxWTJ0aFNWTlJaMUJHVDAxVWR6QjFhaTh4ZVhRM1dtb3ZhamRKUXk5YU1YTkpaRGg1WkVsRlpEbEpTMHQxT1hVME1uQm1abG95WVVOYVdsWmFWVFZrVDJSeVRVaGpNRFJxVEhoaVRuSXZhbWhSWVZWcVRtdHhjVGwzV1RoVWRrZERURkYwT1dZd1EyVm9kRVp6T1dRMU9IZG5UVUZrWkVWTmFVUjNTSGxtZG5WaVdXZHFTMkV3ZG1Kb09GcDBVbHA1SzFkeVRUWlhNRkp5WXpsTVZXMUZRbU5zU2toQk1sRTlQU0lzSW0xaFl5STZJamRoWTJJd1pEWTVNVEl5WVdJMk16RXlNekJsTlRJeVl6SXdNV0kxTW1Wa01UTXhNbVEzWlRCaU5UQXdNalJsT0RVMU1XUTNOV1ZpWW1aaVlXWXdNelFpTENKMFlXY2lPaUlpZlE9PQ==', 1769688320),
('2AkIKj4aHJL2EYTiLMky2avoPDwBCiJrU7HBRXEq', NULL, '44.196.29.182', 'Mozilla/5.0 (Windows NT 10.0; Win64; x64) AppleWebKit/537.36 (KHTML, like Gecko) Chrome/120.0.0.0 Safari/537.36', 'ZXlKcGRpSTZJbFptUVZRcmRVazNXamwzWW1KRk5tWkNialZpUTBFOVBTSXNJblpoYkhWbElqb2lSM0pSWTJWUVRtOHhlREZzYkhaWmVVcHJNVVpMTDJJM1FrRnlOM3BOT0doc1RuUjNiMk5CYms1a1EwVjJiMXBwVWpnNVZtdFJaRWRwUjJwcldpdE9MMWxCV1ZCVVZrcHJlVEprZEVsaU5HMTZiM3BxUTBFNFZVVlpkMHRwYzNKeU1URlRlREl6Y0ZBMlZYQjRRbVp3YXpVdlVtSmxaREZoYnpCcmMxTlhWRk16YjNCUlVsSldhbkZUTDBSNGVXcEdRbTh5WkRkTmVHNUhaa1IyUlhoM1dHNWtlbFJSVVRoSllVWndabVp4TUZwRVdsTTVVRmhpWkV0Qk55dEtSWEJOT1RkaE4xTkVlVFZRUld0TWJqQXZWa05TWkdjMVdtbElSWGhQYUVkVFoyOWFlbU5xYmpsbFpFUlBkbXMyWkhSNGJYWnpaa1IxU0VKclpsaGxlVFZ5VGxrNGExZEZkWFZZZEU0MVZUWmFTVUZZVlhFcmVEVlFaVWRoWXpkM1IxUnpXazFSTDBkeFdVdHNXa1k1U3pWMlIyUTVZbmhrUjA1M05YbDJaR3AzUW5VaUxDSnRZV01pT2lJNU5HSXdOMlF3TTJOa1pURXhNREZrWVRVell6ZGxZV0psTTJKaVlUQXlNVEV5WkdGa09XWmhOREZpWWpSbE1EbGhZV1V6TWpJMFpXVTFNVEl6T1RVeElpd2lkR0ZuSWpvaUluMD0=', 1769586705),
('2C586rzvxtbNhrPJ4Nb9Gvc923KargvxsAyRiHtt', NULL, '106.75.185.229', 'Mozilla/5.0 (Windows NT 6.1) AppleWebKit/537.36 (KHTML, like Gecko) Chrome/49.0.2623.112 Safari/537.36', 'ZXlKcGRpSTZJbXRqTm5WR1MyYzRNbmhrUVRsMFVXeHViMHcyVUZFOVBTSXNJblpoYkhWbElqb2lNRXBNV2xkMWQxTlRkRmxuUm1sUVJWaFhlVTg0U2pkM1ZDOUdjRzloZEROQ09ERmhjRE5RTkUxa1dWQlNUME4zY2pkU01rZHNMMFpOUTBwTGEydHNaMDlSUTNCb1JsRnFkWGhHWkU1dVEzQkpVWFZFYWk5YU5qTjBjVkUzTlRkSWNETmtLMXBZWWtkdmRXVlBkUzlOV0ZoS2RGQTRlRXBLWkZkdGRGQlVTalp3TkRGTWNFczBRV1J1VjJWVmRGWk1jbTVWUldsUEszVjBRbGhRYkRab1IxSmlURlIwS3psQllWQjNLM05KYVZSNksxRnVMMEpZV2psSVVXVnFVR1pvWTNvdmJIYzNWV1JGWlV4MmRtUXJNVk41WVc5QlozcExNbEJrWlRod1VVb3pVbVJRWld4bWJFeFNVSEJLS3pSSWQwTTFZVloyT1hrMldEbGxOSEoyVTJ0Q2FtNVFRMk5RU0doeVVIWndPWGhRVjNaR2VVRTlQU0lzSW0xaFl5STZJakJoTkdabE56UXdNVEV6WVdFeFlUYzRNak5sT0RVek1UaGxOakpoT0RFd056bGhaRGMxTmpVeVl6SXlaVFU1TjJGa01XRXpaakk1TldJMU9EVXdOMllpTENKMFlXY2lPaUlpZlE9PQ==', 1769600808),
('2O33qE0H9hR2GsutCicphNE4bexCjPx58aluNnBz', NULL, '204.152.199.253', 'Mozilla/5.0 (Windows NT 10.0; Win64; x64) AppleWebKit/537.36 (KHTML, like Gecko) Chrome/94.0.4606.61 Safari/537.36', 'ZXlKcGRpSTZJbEpvZWxGSmNYWmtjVmhuZGpSSmVuZ3ZObWxMYzFFOVBTSXNJblpoYkhWbElqb2lUbkE0WTAxRVFWZG5kMlkxU0V4TVRFMDJZVXREYXpkSWFtbEJTekpzWWpRMWEwcHlUMmtyVDA1QlUwMHJZWGN6ZWt0T1VGTlpaWEpKUkRGT1UxWTRSbmRyZDFNNGVXdzRSbVk1UldSbFJYSlRTMHMxYTBSNFRIaG5hRVJ5UkdwWlVXeE9VRzlMVjFwdGVra3ZjVkowVWpGeWJEZElhblpuZDBSNVNWZGtkbkJMUVZaTmJuVXphMkp3T1Zkd0wwOVpVMVpuY3k5dFlpOTNTREpYUVhGQ1JWRkVjMWROVkZsS09FZG1aek5CTm5KMlVuVjJRbk5xTjBWSWEyVkxkMGRDWkdKMFZERlVTMVJZZVdsa0t6RjNiSHBLVGpobFFTOVRhakJ0TVhSVE1UWlRVWFl3WVRSVlFrYzBXbWszWmtkV0wwdzFVa1J2VmxFeUt6QkViMGxZY1dRMFpuSTNURE00UkdkbU9VTkphSEZ4TkRFMVpYYzlQU0lzSW0xaFl5STZJamMwT0dJek56Um1OV1JsTjJVNU5qYzNPVEZpWldNd1ltTm1ZV0ZrWVROaU16VmhOelkwWVRWaVlUYzNObUUzT1dOak5tUmlOR00wTVRnd056aGpPVGNpTENKMFlXY2lPaUlpZlE9PQ==', 1769669578),
('2wo8mLEJ6ENIY0qAjosMNOMQi8htKjjhpFUqW8yL', NULL, '165.154.206.204', 'Mozilla/5.0 (X11; Linux x86_64) AppleWebKit/597.49 (KHTML, like Gecko) Chrome/70.0.1838 Safari/537.36', 'ZXlKcGRpSTZJbFJUY0doRmRWTjZabTlUUkdwWFJGUkxWVkZLVFZFOVBTSXNJblpoYkhWbElqb2lkRlJPTlZoYWRGTnJhekpQUzFOSlFrZFVNV3R4UTFoWlJIZGFiRzlsVUdaSFNFOXJOR3RzUWtsaFNFdFlUbXhpYzNCcFdVaDRWbEV5Y0Zkc2REUnphakpITW5ST2EzTjBkbXRUV2xwdWJ6ZDFibHBtVWpWV2JreDVWVGcyS3pOUFltMVVSRWhHWm5RME0xZEZkaTlTZEdWR2FsVmplVWhzZEdoYWJXZENVa2NyYVdORWFqVlBVQzl6U1Zwc2NuRnNSekZFT1dNNVJ6QjVRelp5YUVkNWVETmtTVVIyVmxNMk9YUlNabEY0YjNORVlXdHdNSEZIVm1aaFVWZFdWa0o1VWxoUllYcE9TbnAzVkRGa1NrbElhbTlHSzNkTVpFVlNWRUZwYlRkSlZTOWFPWGN2UWs4elFUZ3lOMkpJY0U5VE0xcDRPWGwzTjB3dmNGWTRTMnBCY0RkdE5pdGlaV00zTTNjM2FtcHZhME4yZG5STVptYzlQU0lzSW0xaFl5STZJbVF3WW1Kak5HUTBNbUUzT0RaaU5EazNPVE15TkdSbU5qRmxNREZsTWpVM00yWTJaamc0TXpFeU1URTJNR1JpWkRVM056Sm1NRFEyWldWaFpURm1OR0VpTENKMFlXY2lPaUlpZlE9PQ==', 1769600141),
('2XcrmNnDADegeKbxaBUVDYP9tDr8szten0vMS03N', NULL, '43.130.16.212', 'Mozilla/5.0 (iPhone; CPU iPhone OS 13_2_3 like Mac OS X) AppleWebKit/605.1.15 (KHTML, like Gecko) Version/13.0.3 Mobile/15E148 Safari/604.1', 'ZXlKcGRpSTZJblJaTVRoWmFGUmlRbXRKUkdwMksyVlZlVU42ZWtFOVBTSXNJblpoYkhWbElqb2lSV3hsU2pORlNWcHlWVVl3Y2xWVlpYRnllVEUwUWxCUFNIbEhVR2cwYzNKMFMyVXdWbTl5VDA5RE9YTlhWREoxZGpWcFowOWlOa3hxYzFoMlkyeEdRbGt6UlV4a1R6SkpNemhNWldSMmFHcFlORWQxZVRrMVRtazJTVkF6ZUZoSVNrbDVVM29yVG14Q1psRmxOSEE1ZUdGWVptTTVkbWQzVUU1VlUyOVBhVkZUWVVWelJYSlpUamdyVmxNMFN5dFBZWFl3Ynpkb2FXZGpSVTlhVVZWamNsRlNRbUZaWlVKU1dHbDFPRkJZWVVRclJYWktNakpaYzNSMWMyNHdlSGRXWlU5M01VUnVWbUpoVTBKblIxbFdPRmhpYzNVclFqSXhOa1pVVVhremRXWjFOME5sU2xKaGNsZDJRbTFTVDBWc1prSjRkSHB0TWtWRlpYUjFiMDF2VEc0dlZGaENkWHB5UlRRM1kwZHJSREZaVm05clJHYzlQU0lzSW0xaFl5STZJak5oWVRRMlptUmlZamhsTlRBMFpURXhPR1V4WldRMk9HUXdZbUl6TVRJME9XWTNObVU1T0dRek5tTmlaalJpTkRGbU1tWXdNMkl6TURCall6Vm1ZVE1pTENKMFlXY2lPaUlpZlE9PQ==', 1769738553),
('3ggliyI1HfSAe3oIQVFenXoErXBXjc6B3ut0V366', NULL, '8.218.113.237', 'Mozilla/5.0 (Windows NT 10.0; Win64; x64; rv:122.0) Gecko/20100101 Firefox/122.0', 'ZXlKcGRpSTZJa1ZvYkROa09Xd3pXVVYzY0d0MWFEUmxlVTFHWkVFOVBTSXNJblpoYkhWbElqb2laa2M0V2xoak9Wb3pSbkZKUTNGU1JUVTRVVEphWWxKWVRIRXZPR3RCUkhCbFNIQm9TVkJ3UWxwc05FdFNZVzVqUW10dFdDdGtkMjlDTlZOUlJIZzBNM0ZGWWtjNWVrUnFTRkUyYmxGRmFFZEJNRUZuYVZKeFJFd3diVkVyZEdsWldYb3JkaTltTUc5aVRYZFBWbVJNVDIxTE0yc3lObEJVTm5WRWJIbFBTWEJ4TW14UU9GaGlXVzFRVW1rM1JDczJZVmNyVFZWdFdTczJVa0k1SzJscE1uUm9hRGczZWxGSE56SlhkM2hwUkZkSFNVbzJVVGRHU0U1S016WmtNRVJ0Vm1KdllrY3JSMjAxTld0T2N6aEdUamhuV2xWMGRXcEVkVTAwT1cxWWNpdFJWRGRVTmxSb1luRjRTSGRyV25Gck0yZHhOM0ZCTVZSTVVIWlFUV1JwYlZSMWRua3pWREZsU1RCME1tWklTMUUwTlhKTFMyYzlQU0lzSW0xaFl5STZJalV4T1RsbU5qWXdZemd6TTJFNE9XUXpNVGxrWmpBMFptWTVZemxqWVRSbE5qUTJNbVEzT0dNMU1XRmxNbUZoWTJOak1qWmhOV1V5TldVMlptTmtaVGdpTENKMFlXY2lPaUlpZlE9PQ==', 1769596287),
('3tWlI7hBB96IaW7BinZekBi92ooj8nKmT5iu0yl4', NULL, '72.13.62.25', 'Mozilla/5.0 (compatible; ips-agent)', 'ZXlKcGRpSTZJbVZ5SzFCSVVFVkNUMmhaVkVsRGJGSXZkWE5sV2tFOVBTSXNJblpoYkhWbElqb2llV1pMVEdaVVVqaEJOM0ZUZW5GSlJrNVlNbkpqTm1GMVdubG5ka1p0UkhaVlNVUkJVa05KUm1OTE5UVjRVakZOVjBWbFVFUTBaRWhxVm01ek1VSnpaQzlPVjJ4UWNXeFpPV1pvVWtGd2JqZ3ZXbXhGWW1OTVZHODVNRmhoTVhwdGJrNUJOSE5QTm5NMFR6WkhZekpQYkRWNVN6SmlOblphVW5abFZTOWpUMUV3VkU4dk1UVllhbVpCSzFsQ1NVSndTMFpxVnprMlVGRkhkVzlsYWs5d01VWm5jV0lyVTJOMGMzTm9LMm8yZWxRNVUza3habXRSTlUxNEwyNDRhR1J5WTFSdGRsQkdSR2hEZWxjMmFtRklNalZXTTFGUlp6Tk5iR0pKVVVneVIwRklRMmgxTm1aYWVreGpkazFaWWxnMGQxVnpkelJKYUdKcVdHVlhhRFpXVGtKSVdWQnFNM2wwY0ZacVoyeDVXVGh6Um1oRk9VaHdlVWRVUmxWVmRGQlhkVWN5Y1d0aFoyc3hkMVU5SWl3aWJXRmpJam9pT0RWbFpHUmxORGN5WVdNd05qQXhNRFEwTnpjek5EZGlZbVZoTVRRelpEVXdOVEV5WXpnMU5XTTBNV1pqTVRkaVpEWm1aREU0WWpReE1UVmpNV1poWVNJc0luUmhaeUk2SWlKOQ==', 1769633040),
('4b583m7wYT84BDLFDrf2DQpY0oLCqf9IaRiYASag', NULL, '54.162.31.194', 'Mozilla/5.0 (Windows NT 10.0; Win64; x64) AppleWebKit/537.36 (KHTML, like Gecko) Chrome/114.0.0.0 Safari/537.36', 'ZXlKcGRpSTZJa1F6TVhCWVJYcG1WR1JVVEVsck16SlFWREJJU0hjOVBTSXNJblpoYkhWbElqb2laWFV6TURaWldtSmlVMVF5TmxseFZERmliWGQyV1RCc09UWmFVMHBDTjNaWVJIaHBNVTF4UmtVek1Ha3ZVblkxUjNabE16azJkamRDVURBeFUyWlFjSEJWZHk5VFV5c3piR3g2T0hkQlpsSlBaRzFFTW0xdldHdDRhVkJrUnpkVmFVdGxWRmRtYTFveWVrWmpjbGhSTVRoa1JXWnBjMGR4UkRSd1pFWmxSMUF2UmpGTkwxQmhaRnBzTUV0VGRsbFBUMlV6YzJWS1ZHeEJRME5XVDFKRk1teEhSMmhQUXprdmVrWnFLMlY0YXl0TU9WcHZZVE5tTjFaWmF6ZG9NU3RvUzJKNmExUXlZV3gyZUd4bGJIRjBNbWhFYkZCT09WcDZNMUZLVEdkQ1RGbFFNR0owU0ZScVUwVnBhWFZ2TlVOMlJtNXhVRGROZFhad2RGRjVZWFZXVDNJMU0xQmFZaklyWjNVeGVYTmxRblZOVFVwVFNXYzlQU0lzSW0xaFl5STZJalJqTmpjNVpXVmpNemRpTURBMk1UWmlZVFU0WmpCak1tTmtOV1V4Tm1Nek5EZG1OR1F5T1RBeFpUQTFaVEF5WWpFMU9EbG1aRE00TWpjMlltVTNaR0lpTENKMFlXY2lPaUlpZlE9PQ==', 1769605182),
('5AQIBcPAQPnZWIZOGasWQxUEy3carHQ3BYyip9aY', NULL, '42.236.17.44', 'User-Agent:Mozilla/5.0 (Windows NT 10.0; Win64; x64) AppleWebKit/537.36 (KHTML, like Gecko) Chrome/140.0.0.0 Safari/537.36 Edg/140.0.0.0; 360Spider', 'ZXlKcGRpSTZJa0pCVFhaWVVEZFdaa1Z0Y1VGbGFuQXdXVlZxWWtFOVBTSXNJblpoYkhWbElqb2lRU3RESzBoa1ltRjJlbk5pTVZwNmJIWk5UMGxaV1RkR1YzQXJlSEZxWjJjMk16Y3lha1ZaUlVKc1drTlFjVXBQY0RSQk9YUmFXRU0yYzBKdWJVWTVUMnRVTldoUGNVa3dPRTVpWlVveU1YQjFRbXA1TVZkVU9GUTBTa1o2VHpBMlVEQm1ka1J0VDFsV05YZHRhRWQ2WVRWMVNXVnNUek5yVjBOUk9VVXlRa1p4VmtaUGRURmFPVmxMTmtKM2FrRlFXV0Z1UlVORlMzbGxhMFJJVWt4Q2VISkxRbVpRYW1KelQySTFVVk5CTlhaME1VYzVZVXhRYzJOc2NsVjNaM2hvYlZKSVJUTk9OMmR2Y1haeFJTOVBhRTVCUTJKUmJXRXplQ3RUUTFCSEszUndkRlpYZFhJNWRqVkxTMk5HTldoUFRqRm1UMGcyYjNaaVQwcHFZbVJhYUN0MmNYUTRiR05WWVRoWlVXMHdlbk5JYmsxa2JVRTlQU0lzSW0xaFl5STZJalppWlRNellUWm1OemMzWXpoaVpUTmtNamN5TVRneFpUTXdZV0UxTTJJeE5EVmxOamc1WkRoaVl6TTVNbVF5TVRkak5EQTBZelppT0RNME9URTRaRFlpTENKMFlXY2lPaUlpZlE9PQ==', 1769670041),
('62gsEqpVAVBSsaoXvjwLvG8DKWSgnRs60Gl5f0Vb', NULL, '106.75.144.203', 'Mozilla/5.0 (Windows NT 6.1) AppleWebKit/537.36 (KHTML, like Gecko) Chrome/49.0.2623.112 Safari/537.36', 'ZXlKcGRpSTZJbFY2TVhCbVNIaDJaVlkwY25RNVNVVkdUazFCTmxFOVBTSXNJblpoYkhWbElqb2ljMVYyYzA1VFdTdFZiVWxzY0dWdk5XOVdMemxOZWtGYWNEWlFaVFk0V0hGWGFHcFpUek56VW1kc1VsUktlVFY1ZFZOTFJGUllha1lyY0RWd1pVcFNNbWxIVHprMU5tVndXRWRKYlRnM2JYSm5SMkowVGpNMkwwTlhPVGxKVEhSVFFXb3pPV05qZG5nek5FZ3hjbEJQTWprM2IweDZjbFZyVDA5U1RWVTNjemdyVkVNdmEwWk5VbGQwYWprMWJETlRPRkV4WWxKU05WSTJkR3R1U0ZWa2VtdHpkalpvVUVsblEzQlVORUZtUW5FdmVreFpjMHhqUlUxT2QwNW9RVVZaYlc1dE1XUmhUVGRFYUdacU9VTnZSMUoyTUhCRlUxUk1PV1pqUlRacVEyVmhRV1o1TTNwUFdtTnBXSEJZUmxWSlF5OUpPWEJhWW5GUGNUY3hWbFJKWW5WTFNVRnRLMjFQV1Vod05XUk9RVGhpZURVNGQyYzlQU0lzSW0xaFl5STZJalJsWVdFM1ptTXhNV0l3WTJRMU5HRTBZalV3WldWa09URmpOV1V3TkRGallqWTJPREZtTVRrd01HSm1aR1ppTWpFNU9UZ3hPRGM0WldNME9XUTVORGtpTENKMFlXY2lPaUlpZlE9PQ==', 1769600809),
('6cjwKXqGWIq5CgRSpA9QA6RfrLiYJ1jOR5WHHS8E', NULL, '57.128.252.182', 'Mozilla/5.0', 'ZXlKcGRpSTZJbkl5VEVjeUx6TktkaXQzVVRKemRqSmpTVmxSYzFFOVBTSXNJblpoYkhWbElqb2lZa2RCZG5rck9HdHpLM2R4T1VkRWJYTjFTbXBNWlhOMldGaFplVWxuVkZkVGJtOVlUbU5wTTI1Q2FFVnBaSEZvV2psTldtNUZUVWd6U0VSSWVEUlRlVzExWXpFeVlYSnhXRnBEZFZaNlRrTmxNR05RU1RKeFJGbEVkRTR3YmtFMFkzaGFkVUZzYldzMFRUVTViVUpDVlU1ak9XOWtVMWhhYmtFM1RWZ3hhRk50ZURFNE9XMVBiMDAyUmtOUlEyTkNhbUpFV0hsRWNWTjRORWc1ZW05bVJUQnZjblZUVTNKTlRsUXZLM0pwVVdoVmNWWjVPRFE0ZFhsVldXZEpURXhUUWk5c09IWnFXV0ZtZDBwT1VIaDZTV04xTVVKRVR6SlpjM3A2Y0hGMFZHeGhZMDUzT1d0Rkx6TXZRWEpGUTJSRFJXd3pkMVJyWlVWVVZtTlVXbkJaWmpWYU0zcEpNMHgwV1dOV2RrUjRaVlZpVVZKR04zYzlQU0lzSW0xaFl5STZJbUV6WVdFeE9HVTBORFEyWm1OaE5UVmxaREUxWTJKaFlUWTFObUZoWVRVd1pHUmxaREprTVRCbFpqRXhOR05pTlRrd01qaGtPVGc1TnpBek9EbGxObVVpTENKMFlXY2lPaUlpZlE9PQ==', 1769761675),
('6MDyaualeKKbgZViZPVCQQcShsrXWDqyI2a9z3hN', NULL, '106.75.187.68', 'Mozilla/5.0 (Windows NT 6.1) AppleWebKit/537.36 (KHTML, like Gecko) Chrome/49.0.2623.112 Safari/537.36', 'ZXlKcGRpSTZJakUzYmpRNGRHNDNaamx4ZURKU1pIQmtjSGxJY1djOVBTSXNJblpoYkhWbElqb2lRbGRXYXl0eEsyNTJPRUpVVjNWcFJWZFhiMWxLVUZneFNYQnVXVk5tYjJSc1MwZHZlVzVSWTBKa1pGUlVSbFY0TTBOeU5qRnJkWHBETmk4dlFWaFlibFpDZDFRdmJUQTJaMDB6T1hveFEzbEdLelJ3VlhCeVFuTXZTeTlwWlZaUFQyaENVV3hXVTA5eGNFNHZWa0p5TkVSNmFYb3JWa2N6U0RWSmVWTnhOVUY0TmpOb016WkhlR05uZDJreVEyTjBhSHBNWVZSSllXcDBkbk5rZEVkeGVXdFRURTVLUm5FeFluQkRWWE5HTDI5NGFrNHZSRlJZVlZGdVVVcGtjaXRRTUdGUlJIVjFVemcxU2poU2REUjFOV3RFUjFScFdIRlFSMjFZY0RsWU1VSmpiekJSWTFkWmFVRXpjbTlJUmk5eksxWkVhVzlKWkdKVVRHWk1lRXREZERaTVZUTlhlSFUzVjI1clZqSkNibFp1WkhWa2FUaFNNMWxUYkVodFVXaFJSU3R0T1ZoRlFqbG1Ua2xpWnpVNVRrc3ZkVEYxTTJabGQxSTVNVFowTnpZaUxDSnRZV01pT2lJNU5UWm1ZV0ZpTURZek5qYzJNV0ptTUdJM05URTRNRFZtTVRrM1lXWmtObUZoWTJNNVltRmxNemxsWW1GbU1qZ3dPR1V3T1dFME5USTVZbVEyTkdaaUlpd2lkR0ZuSWpvaUluMD0=', 1769600809),
('6QX6OFtXsCH4a5XvLPZdQzgVPaQv97cgk7247Tpe', NULL, '101.249.62.131', 'Mozilla/5.0 (Windows NT 10.0; Win64; x64) AppleWebKit/537.36 (KHTML, like Gecko) Chrome/120.0.0.0 Safari/537.36', 'ZXlKcGRpSTZJbWcyVkRjMFpGVnBNVXgwZWtWTWNuYzJhWE5PUW1jOVBTSXNJblpoYkhWbElqb2lUWGxzZUhKVFl6QjRZVmQ0VGxCRVVGZFJjMmRpZHpKNU1uWmtZazFKT1ZoaU9IZGtkWE5WZURkcmQwVTBPRWt4VVhsUU5teFdVRE5sVkd0U01WRlNlamR0ZFV3eldpdFZkMUJZUWtvM1dGUmpiMkpsU2toQ1RERTRjMDFxVkM5emRVVkdOMkpyT0dKSGVUSmtSSEZ3VTFnMmMwcHpSRkpqZEU1bFZqRm1Na1IwU1ZWS1Zra3pZbWxHVUdkaFFpdHlaVEJtV0RrM1QzRTBNak5YVTBSMFRXcGtZVWNyZFV4QlEzRk9PRmd2TDNWUFFXWkhWbVJVTTFCTU5rdENTR1J0ZUZGM1pUTmlRbEZaV0ZGalNXcGFSMjFrYmtKblYzcHZkMHRIWjNvd2FVRjVhR0lyTjIxWFQwVmljMEZMT0ZsYU4zaHFRVFZzVFRjMlZ6RnBRazlPYW1kblYwWnFOVVZ3YjFscFpHeHFaRFJIUkUxa1psRTlQU0lzSW0xaFl5STZJamt5TVRoaFlqZGtaV0ZqWkRVd056QTVNMlkyWXpBek5tRTBNVFZsWlRReU56TTVORGMyTlRKalpUTTNNRGcxTjJRM016QmpNVEZoTWpOaE1qQmhaallpTENKMFlXY2lPaUlpZlE9PQ==', 1769667999),
('75o2KOppGwi5LZFJYrCOkA922rXYNAIxnT4ekzRj', NULL, '8.211.216.246', 'Mozilla/5.0 (Windows NT 10.0; Win64; x64) AppleWebKit/537.36 (KHTML, like Gecko) Chrome/121.0.0.0 Safari/537.36', 'ZXlKcGRpSTZJbVJUYUhobmRrVkRlRFF6UlZObGRHRnJTRWd5UmxFOVBTSXNJblpoYkhWbElqb2laRTFFZGpORlYzZHhhVWx2U1VwM1QwRmtTWEJrVTJNNGVpOHJRWEpYYldKMWVWbE1kbU5SWm5kdVNUQkZOamxuVlhKVlpFcEljV3h2TlU0emJHRTNUemQ1YlRWeFFsazNSWGMzZUZJdmVtWXlZbWxGTlZGSldFNVJiMnd2Y2xZdmRWaDROMGR5Um1wNGFGbG9RelYzWkhsbGJTOHpUVFF2VkVnemFtOXBVR1F5UTBRemNFRjJhVFV3Vlc1Q1R6WnVObE5NYjA0NGRYQjNObUk0YXpkbE9YUm5jM3BtWjNONEszWkJaazFHZVROVWFHRXZaSGxGWlcwNWVIaFJZU3R1ZUU1WmMwNVhZWGRZU0ZabFVqWkxjV2hxYlU1TFZWSXhNR0ZFTkhJd01uVmhhV2hqTjNSWE1sQkdVa3RoYWtOck16bG1VVTgxTXpKTk4yMUhObFJUU1VkelYxaHBVVlZoWmxWRGJqaHVUR2RIV2xwcVVIYzlQU0lzSW0xaFl5STZJamsyTXpRNFptVXdNVE15TVdSa05qWmhOVFExWldWbE1EWXlaRFZpWm1FeE16TXhPVGMwT1dRME5URXhNV1ZsTnpnM05XVXhZbVUwTkRkaVlqTXpOamdpTENKMFlXY2lPaUlpZlE9PQ==', 1769596297),
('7BIQbWMYS5Hy88RjzN7NW4lEsSbmiImWCsGiu1Ip', NULL, '146.190.11.185', 'Mozilla/5.0 (Windows NT 10.0; Win64; x64) AppleWebKit/537.36 (KHTML, like Gecko) Chrome/143.0.0.0 Safari/537.36 Edg/143.0.0.0', 'ZXlKcGRpSTZJalpVTWpGMGVqQkxOVW9yVDNReFFVbzFXVmhXVUhjOVBTSXNJblpoYkhWbElqb2lVVzkyUjFoR2JHWTNlSHBwVDI5WGEwdElOelJsWVhCd1FTOVJZM2RTZDJ0a1FVTjBNRU01ZEhSckwxWlhVamR6TUc5UlkzaHpSbEpJTDBoQ2VGQldRV2h2Um5NMk5tMW1PWGcyYTNCWVpXVm1URkl3VUdGU1lUZHFhblYwUmpKQk0yRlNORUZCV1VkT2NuTnRUa2hzWlV0S1FXdEtRMGx1Wldod1FXaDZkR0pFVW01NVpHMUJVMjB5TDBGQ04wOXdhRTQ0UjFveFJXSlFaMGhzVURSYVlsVkVUVEk1UVVWS2JUQnRMelZyUTB4WVREVXlVVlZWUzI5S01YQlhORE5rT0VkUlUxQmtXWEJvZUVSQ1VEaGlXVFF4T1d0aWMyOWFSVTlyUm1obVdHNW5USGxLTVRoemRVMVdhVUZTYVN0YU1YRkROR3RqTVd4aFdTOVVValE1WmpSUEwxQjJOblJFSzJoS1IxSkpPR3B3WVVJeGIxRTlQU0lzSW0xaFl5STZJbUZtWVRnelkyWXhaakZtTlRWaU56QTRaalZpTnpGaU5qTmlNR0l3TUdOak5UQTBOek5tWldFd1pXWm1PRE5sWlRCa05UVmtOMlppWXpJNU5EbGlOellpTENKMFlXY2lPaUlpZlE9PQ==', 1769563406),
('7E1IJNf58qqdDhzfrHGUvNMGZYlHXQrz8gQoCeeK', NULL, '23.27.145.13', 'Mozilla/5.0 (X11; Linux i686; rv:109.0) Gecko/20100101 Firefox/120.0', 'ZXlKcGRpSTZJbFJrYzBOVWJFeFJkbE14Y1VGVlpUUlRVbWs0UkZFOVBTSXNJblpoYkhWbElqb2lZa1JzZUdoUWNrZFVaVU0zY1dSc1RFUkRUMjQ0VDFkTmIyeEtZemxyTWtKTlVEQmtjVlZTUjBOMFdqQlZkRlJpUzBGemNIRjJaMFJvUzBkNE9XdGFRVlpvUzJZd1RXSjVMemxxYm1WNFRVSm5SbGQxUkdveFZYaEpibmx5VUdNeFdtOUZUeTlsTnk5dllqVXhSMnQ0U2taNVR6RlpRVlo0TW5oVFdYcG1UMlZDYTJkbGFXZzFPVXRWT0cxSGVIVlVXbWxFV2tadFpsZHVUa2QxWlcwMGRsZGlXRVowUkVacmVIVm1PRlpxUWk5blNVNUNjWFZVZFdwblRqSlFZVzV2SzA1SmVHOU5XVkZyWW5RMmQxbFpiRGh0UVdGR2VUVTJkamMyYzFVNVZXVlBkV05yWlVGVldqRjNaMUYyY1RWVVdrZFBkR3QyVW1KcmNEaEVTRTVpYW1aaGRuSnBSRE5MYzJRcmFGZFVWR2N2UW10Q01FRTlQU0lzSW0xaFl5STZJbUpqWWpJeU56QXlNRFJrT0dJMlkyTXlaVGN3T1RRd1ltVTFPRFl4TUdZeE0yTXdZVGsxTkdReE1tVmlZbUUyT1RSa1lUSTJOalkxTlRGallXSXhaalFpTENKMFlXY2lPaUlpZlE9PQ==', 1769579700),
('7JE4paBsPJ7wHqH4oSyC4sfjxhUqRrHeNFdv8yA9', NULL, '42.236.17.29', 'Mozilla/5.0 (Windows NT 10.0; Win64; x64) AppleWebKit/537.36 (KHTML, like Gecko) Chrome/140.0.0.0 Safari/537.36 Edg/140.0.0.0; 360Spider', 'ZXlKcGRpSTZJak00VVVad1lVSlpSazlpUnpOd1ZIVlFja1JaVmxFOVBTSXNJblpoYkhWbElqb2lTRlVyUmpCM00yVnBVelo1Y0RSaFdDc3JRWFJMWVdOcE1IQXdkVlpFUzJ4SmRqVjJhM2Q2YkhSRVIwZDFhalZDVVZoNE5tOVdjbkpDU0dveVRFUlBNVFJ6TW5Wb1lubGxUblp6VVVWMWVGQkNURTR6U1ROR2RVWnliM3BIYnpSUE1VRTBjMnRFTlZSdVp6QkVVRFJ4Ym5ocFlWQlFVVXBQTTFaQ2IwODFLMmxQYlVSdlFrWnNTSFZOT0VwV1JIVnphVTUwVkVoVVVUSllTVFJMV201TVRFMTFWa2x0UlZOUlRWSmxOR1ZaUm1wQ1pVcEljWGx4VEVwMGQxVkdTREJCYTNGQk1HNDJTU3RTYWxCU1RVbERkV1Y1VEhBNVIySTRNbFV5YzJwaGVVdG5NMFJTZFV4S2QyUlZVREJGZDNBMVlrTmxSRFoxTkRkM1JVZzJaeTg1YVc5QmRsRnBhMDEzVlZoQk1YVkNTVk4xVUZkWGVVRTlQU0lzSW0xaFl5STZJamszWVdWa01qUTJNVEptTmpRM1pqZ3paalppWVdFeE4yWXhZelZrWm1Nd1pUbGlZemt4TlRrd00yWmpZemRrTkdVMVlqTTVaalJsTkRNME9XUmhNREFpTENKMFlXY2lPaUlpZlE9PQ==', 1769605323),
('7l2DTSBzxgfoht6Qj3MVpGxecyANE530oYukJPaB', NULL, '8.211.38.57', 'Go-http-client/1.1', 'ZXlKcGRpSTZJbXBWZGxwM2F6VmpWbVZoVTBSNVJVa3lNRTh5SzJjOVBTSXNJblpoYkhWbElqb2lOMDF3YVhsbFlVWkxaQzlrWlV4alFYZGlVRWxaYjNsUWVIaG5jRzV1VmxBd1pFbzVTak5vVEdWVWR6UmlVMkZCVjJ4UE1uSTFhWGhsVUVkUE16RlJOVU4yTkZBckwwUjNiMnRGUjBWdmFsWnROMGR2UjJKd04xcHNjM0UwWkRKcVNVVldhMlE0YUZoWlJ6UlJVbTlHU1cxV2VrWm5SV1p6TTJkc1NVTlVVU3N3UmxOdmEzaDJhRlJQY0RFcmNsVmFOVkV6VW1Sak1HMUxSWHBXUVVSNmRtTnFVVFpCTUVOc2NqTXdiakozZEZWd2RVaExSRlZtUVVWdFUxSnVWVnBIUzB3NVNUVllZekExZFhObGRsVkJjV1UyU0hWWFZGaHJRV0pZT0U5Q1VUbG5PVmt5VERORkx5OHllbko1U2t0eGJsVnFTbTlvUmtKV1prWkZiWFExYmxGcWJtaEtTamRSTHpsSGNVSmxMMlJqWVRCSFVIYzlQU0lzSW0xaFl5STZJbVk1WldFMVl6aGpOVEEwTnpNM09HVTFORFV4Wm1aalltTm1ZV1ZpTXpWa1pqTm1PRGhsTnpBME9HRmhNVEk1Tnpjd1ptTXpNVFZpTldZd05tUmhPRGdpTENKMFlXY2lPaUlpZlE9PQ==', 1769579944),
('7vfxxPWbXOzqWOz02xDbV57C97hk6aMT9EUFungW', NULL, '152.32.226.8', 'Mozilla/5.0 (Macintosh; Intel Mac OS X 9_0_2) AppleWebKit/543.42 (KHTML, like Gecko) Chrome/98.0.2509 Safari/537.36', 'ZXlKcGRpSTZJbTFNUVZsV09EUTBTRlZZZVhWRmFFNVpLelprY0djOVBTSXNJblpoYkhWbElqb2lTVU5SVkVKdmFFSkZSa0Z1V0dzNWJXaDNLMXBaVEZkblFVWXpURkI2T1VSWVJXWk9jakZCYW0xWk0zazVaRmhNVEU4M2EzcDJWME4yYVZOc1pWY3dXSFJMYkdwWWREUkhVM04zVHpSRWJYSTNWVWhhTTJnelpYQk9ZV0pOTUhRelJHVlpiREZ3T1ZGcFUzSnZZV2swT0VFeVdEaHhWemhPWVVkTWFGZDBibkJxWWpOdlRVVnBSSFEwZVROaVNXMVBWRzl0UlZSa2FtZ3paRUZHS3pFeVIySTVkMUpMUVhKNk1HbHlWMUpISzBoR2MwSlFjM0JzZFZGWWJrVlBhVzVzTXpZeE5ubDJlRzV4VFZselEzZGxNWHBEV2sxUGJDdFVaMUoyVTNJd2JYVnpTRmhyUzNOcGRUSlFkVlY0ZVc5c1YydG5OMHB6VTJJeVZXaGpjemhQVVVVeWJHdHFZa1ZIVFRkWVNFTXpUblpSUmprdllVRTlQU0lzSW0xaFl5STZJalEwTTJRNU5EZzVOMkZsWTJSa01qWXlORGN3T0RVeU5ERTFOelU1WkRVelptRmpaR1E1TnpFMk9UaGtaR1kyTldRellqYzBNekZpTWpZMVpXTTFOellpTENKMFlXY2lPaUlpZlE9PQ==', 1769690538),
('7zDbO6UybzppIGGwoHC1vP67SRVhd1jn48IJiEwn', NULL, '100.31.139.43', 'okhttp/5.3.0', 'ZXlKcGRpSTZJa042TkU5dVEwbHJXVGR6ZFc4MlptSk5TVkJ3VTJjOVBTSXNJblpoYkhWbElqb2lOalZTVVZwS1ZrRlBPV0kxVTNrd1dqTXlZVkZ5ZG1VeWVGUlJVRTlwYm5ka2NUWnpjVWx1VW5aNlVEZzRSM0U1WkVwbWJUVTFZMHAyTW5KYWFEQXdTazFITUhoNVEzWjJiM2xTVGpKV2NXZ3ZZMEpHY2pCcWJXRXpVakpYUjBaMlFqaFFNVXM1UjJvNFozbFVZVWhqYlVsVlR6VnhiSGhyZEROc1pXNURWblY2VTBZNFJHSkpZelY2U1haSldVRk1hblZ3UldaeWMwVm1WRkJLT1V0M1EweGlhVTRyUmxveVYzbFVSa1VyYVdsalNreGxjWGRYU0daRlRXaFdjR0YyWWpFMVVXOTRRMWROVjNkbFpVTnRSV05yZVRobWQzTjZRVkptVm5oRFdIWm1TMlZ1U0dJMGNDdHZjakpMVnpnM1IxQkpVV2MyYlM5NVRHSkxWbWs1UVdOR2FGb3hkRmQ2YzNsNE1rVTBjV0ZyYTFCeE9VRTlQU0lzSW0xaFl5STZJakJsWVRCaVltTXdaVGt4WVdNMU5HUTFaV05qWW1Fd1lqY3laREF5WTJOaFpqSXhORGt5TVRsbU9UTTNZbVpoWlRNMFl6SXlNak0wWXpnM056UTVNek1pTENKMFlXY2lPaUlpZlE9PQ==', 1769640347),
('8iWA0RJAUeCLro8zez6gSO4IIcF1EUKWwU6hRqXA', NULL, '8.211.199.63', 'Go-http-client/1.1', 'ZXlKcGRpSTZJbElyY0ZBMVpVZ3hUeTlOTjNOTFNVazViMHdyUzBFOVBTSXNJblpoYkhWbElqb2lXRXBPYlc1cFVUSlJhMmhGVnpSemVIZFNkbVJLVlhBeWFVdHFTRkJWWlhkUWFWUmxlRGhvTTFjNGFsQmlhMGQ2TURCbGFHNUdRelZaUlhWak9HbGlTRzVOVmtjMVRFMW5ObXgyZEdGVE1IcDBZblJOY2k5UlVVMUlRbXhIZFZBeVduVkZUM2RpTUZKbmVXRkxMM2g2ZW1sUmNESTNhakZWS3pGVldEWnZVVWwyTkVsaFMwRk1NRkpaVG5kdWMwbDVkaTk0TTJSV05YSk5kMFJMWjFkaE0zSkVOQ3Q1TjNSalEyTTVOVmREUkdWMFRYUnBUR2hEVDBWdWRFZDVWWFp0T1ZGNVZraEpNemMzWTI5ck5DdExjM0J1S3k5UGNtOXVlVkZrUzFSR2RrRlBjWFp5Wmtvd1NXbDBTR3hTYlZST2MwNVZRMFJGUmxKNVZWRkNlRkZyY1VreWJEWmplWFpzV1dGSE9XaHhaR05EZEdGWlVYYzlQU0lzSW0xaFl5STZJbVV4WVRVNFltWTJZMlZoTm1WbFlXSTVPRGczWWpSbE9UVXpPRE5oTldabE0ySXhNVEF3TW1SallUWTNOR00yWmpneU16WmxZVFpqTVRCallqbGpOV1lpTENKMFlXY2lPaUlpZlE9PQ==', 1769609819),
('8xjqtySDHuEttg2Zsxb0VJWvqGEeQCUlpY28CjE5', NULL, '36.99.136.130', 'Mozilla/5.0 (Windows NT 10.0; Win64; x64) AppleWebKit/537.36 (KHTML, like Gecko) Chrome/92.0.4515.107 Safari/537.36', 'ZXlKcGRpSTZJbFpSWVdaNVVUWnFSRk5EZWt0Q1ZVaFRURTlMWW5jOVBTSXNJblpoYkhWbElqb2liakpaWjI1a1NubHRObFpNYjJSYVFqRm5ZMHN2T0U1a1dXNXFOMkphTlV3cmVuVkZNakJQVVdkRWJXWlFkbmM0VjJGVllVdHFObWRDVkRZMGNIRTRRbWhzZUN0UFpXaFhVVWxVUlRWVFNGRmlhbVZhU21RM2RHaHpiMnAyTkdoNFJ6SmtSazR5YW1SeVpUVTFVMlZyYm5SQ1N6WjJUMDFUTTNSRFJuTTVSMHA2TWxaTWVEQkRZVVVyVkRabGFsb3ZPWEEyUkZReldWUkhieXRLTkZBemVHYzBlbWt6WlVwT1YzZGFSVEJXVGtkdVJXNVljbVpVWWtOMFZIZzRVbUVyTWt0VGFHdHRhREJTV2xsVmJqZHROMDFFY2tnNVZqZzJUSG81ZEN0MWJ6VlpTSEk1TnpoVGFtbEdOVWszYlZOU2JHTjFUR0kxVFU5TU1YRldLMXB2T0hwSlUwSnVUbkU0Um1ReFlVWlpTalZPWVRWRmVVRTlQU0lzSW0xaFl5STZJakk0TXpka05Ua3hZalk0WVRobVlXVTBaRE00TVRVME9ETTVPV1ZqTjJFNU1tTXlaRFU1TnpkaVl6UTVaalF6WlRrNU5URmlabUptWXpJNE5UbG1PR0VpTENKMFlXY2lPaUlpZlE9PQ==', 1769705146),
('9fd3qq8pf3vHvFM2VCmXeIZjLZ9bfpmV4jwQVl9h', NULL, '42.240.130.92', 'Mozilla/5.0 (Windows NT 6.1) AppleWebKit/537.36 (KHTML, like Gecko) Chrome/49.0.2623.112 Safari/537.36', 'ZXlKcGRpSTZJbEZpZGpCVU1uQkdXWGt5TVhGTWRGRTVSek0zZEhjOVBTSXNJblpoYkhWbElqb2lSVEJXZEV0WGJsaG5TVTVUV1dsTU5VdGlkMVJTVm1Zd1VubDZkVEp2ZDFweVdYZzRRbGhzUlRaWmJsVndNMmwwWlc5M2RsQkpWbmhOYm5KT05IaEJOV3R6SzFweFkyVmlNRWRRUW1Oc2JIZzJRVlpYU1dacWFHcFVXblJyTVdSeU5IRm1SMWt6UjA5ck5ubFFkRkpOUnk5M01rRk9VVmROY1ZWRVQwOHhWalJvWkU1aGFqazBkeko1UkRWd2NVUnVTV014Y0RseU0xWlJTM2R1ZEVseWRHTjNZa1JaVlVsQ1RrbFNTSGR3UjBwclEzUnZabUkyVkZGVU5VNDNLMDVoUlcxb1ozVTFPRmdyYVdGSkwyTk5WVGhaUWxsTk1YSkpibE5ZZDA1SlpEQjFaM1ZHUTJzellrWTBUbUpVYzJKa1RGUXpaR3haZEhKRVdXODVWVGhWVEdSMUwzZDFhWFZVUkRaUlpGWnNaRUZZYVhoSVFtOVJiRVJSYUdWSllVWldTa05LTlZkV2VuQkZWbnBQUW1zelZEaE5NR2d4ZUVaQ2VuWndVMFZXWjFvaUxDSnRZV01pT2lJMVlqY3paamd4Wm1Wa056Qm1NR1ptT0RJellXSmpNemswT0dSbVpqRXhZakJsTm1Oak9HVXdZak5oTW1ZME1HWXdNams0TUdZNVptRmxaR0pqWlRReklpd2lkR0ZuSWpvaUluMD0=', 1769600809),
('9PD2krfvlvsWJzOAQBc7NAqF2vNyINWXqBxygALs', NULL, '8.211.201.128', 'Mozilla/5.0 (Windows NT 10.0; Win64; x64) AppleWebKit/537.36 (KHTML, like Gecko) Chrome/119.0.0.0 Safari/537.36', 'ZXlKcGRpSTZJbmQxYzA1d1ZFeENPVFIwVGpGMlEyVjFiMnQ1VVhjOVBTSXNJblpoYkhWbElqb2lNRWhPZVdKeU5FSjBibTlEUVdocFJYaGtUekZIZWpaRmRIUndZblpLYjNCUFZqVTFkelpyYUhkdVZVbGljelpQZFUxQ2VIRmFjblJPSzFkaWVGRkhVbkJPVTJKb1lXRnZiakJMY2xoRFpETmFWRk5yT1hacFYzVllZMEpYUTJkS2VYcElNMnBZTlM5NVVrZHNVM2R2VVZBclJ6TjFWamhNTjA1cE1HUnNabFprYTFWdFMydHlTMncxUVN0NlNHMVZiMWxDYUhOcU9YcHhXRzk0WlcxUWMyWXpaMHRZVDJ4UU5uTmpLMUo0YVdobFRVeDZNRkF6YkhoQ1pXcE1kRTlpV1VWUGRWUlZZM1pGV2xCRmRqbENLM1p2ZVhwMFZrRndhRTVTTjNwYVRTdGhWV2MwVmpCRGRuVlZkRkU1V1d0YU5HRnJka3RoTkc5RVVqZzVWR3B5YWxocmVsSTFOWGxrYmtOMVVWcDRTMHBZTW1aSVRWRTlQU0lzSW0xaFl5STZJbU0xTXpRM09EVmhOVEpsTmpZNE5qUTJaRE5pTkdOaFltRXdabVppWWpVNU1XVm1ZVEV3TnpCbVptVTVZbUV4TTJSaVltTTVPRGsyTXpoaU9HRXhabU1pTENKMFlXY2lPaUlpZlE9PQ==', 1769596300),
('AAYRgrAsH0eGcGCRHbp5U4tcJyAOgn03U4WFc62B', NULL, '43.135.36.201', 'Mozilla/5.0 (iPhone; CPU iPhone OS 13_2_3 like Mac OS X) AppleWebKit/605.1.15 (KHTML, like Gecko) Version/13.0.3 Mobile/15E148 Safari/604.1', 'ZXlKcGRpSTZJbXhJU3psM1VtWmhTVzhyY0VSTE0xQnVPRWhJUVZFOVBTSXNJblpoYkhWbElqb2lXRkpRUTA1YUwxUklkek0wTURaME9HZFBiWGh3VDJNd04yTm5NR2g2U2tKVlF6TlROMVpNTm5oeFZXdDVObTl4VTJ4UWJrSjZUek5EY1hrd2NGQmpTV0pEZUhCM1R6RjBRWFl3YlhwMmJqZ3dZMVp0TnpWak1Vc3hZMmxWVEcxWmIxRjFiMEpLTURWTFZFMHdWVVU0T1hneFpsTnBhbVZXYWt4Tk9DOUtlbkUwWm5oMllrTlJORGxyTUhCQmEzcE9PVlJ6YjBkcVdsbFpVRGN5VW5sQ2EyOUlWRWg0ZWpSc2FFTm1kM2hoWkZFdlMwdElPU3RKWVc5WlpFbHBSbEZUVVc1UGFUSm9WSGxJTURWMU5sSTRSMHBPYmxVMFYwUnNPR1pZZEc0NFZEQkNOM3BGUkZsRFlrTk1lVkJ5Y1U5YVYxVnNObHB1Tm5SMlIwODNNV0pVYTBWT2NrYzNkbU5CTVhwblowZENRV2RrTldORmJWRTlQU0lzSW0xaFl5STZJalpsWlRVeVpEYzRNMlkyTXpNd1pUWmtZV05tWm1ZMFkyUTJOVE0xTkdGbVpUQm1NV1V5TURJNVpqWmhNbVkyTW1WbVpUY3hZbUZpWm1KbU5qTXhabUlpTENKMFlXY2lPaUlpZlE9PQ==', 1769666625),
('aG0DrsTotluwnIc3sbPWveaBSnsBp1jcW45i0Jks', NULL, '118.194.228.7', 'Mozilla/5.0 (X11; Linux x86_64) AppleWebKit/537.36 (KHTML, like Gecko) HeadlessChrome/99.0.4812.0 Safari/537.36', 'ZXlKcGRpSTZJbk56Y1ZoUlVHaHlNbmhQWVZOeFJUaEVhR1JoY1VFOVBTSXNJblpoYkhWbElqb2lSM3BWZW14U09FSnRiMHd4VEdKTlRqaE1VMWRHUjJOdmIzSkdObk5HYmxwNWQwaFdOWHBRVGtOMGVEVnRXVU5TVGpCUVZ6WjZia2hNZWl0dlkybG5jbWhaVUZsNVdqQlFaa2xNTTNvNFNYbGpTVFZIU2tSTWMzcDZOUzlJYmtKM1owb3pXQzlwVTI0M0wzZ3dlakZDYmtSMmJFc3pSMHAzUWxoaWMweHNaVUozYVVwUlp5OTZWazFtWVRkeWJTOWljbmN3VnpsbGF6SjFXV2hEZWtsd2VUWnZMMnBWY0VwbVpITlRVMmhtZGpCbVRqRXplbXhGVUhCU1YyZGpNV0p1VlVOU2NYaEhWV1ZFVEhsSFRrWk9jbk5YYVVaa00wUnRXRUV5Y21wdlVXeG1lRlY1ZFVWd1VFSkhVakU1V0doQ0swTTFSU3R4YjFWUVluSmliSFZsTm5GRlMwNW5aRmhFUTBSWWFHMUpPRXREU1VoMlpWRTlQU0lzSW0xaFl5STZJakppWlRjeE1qTXdaR1UzTURrME5tVmlOV00zWW1aa1lUQmpaREZrTURaaE9UZGtObUZrTXpsaFptRmtaREZpWlRnNU9HTm1PVFV3WkRGa05ETXdNRGNpTENKMFlXY2lPaUlpZlE9PQ==', 1769690420),
('AT5hcU4gHABuGY9XQOxPY6Zkig4L8HstjVkplyCq', NULL, '34.58.10.148', 'Mozilla/5.0 (compatible; CMS-Checker/1.0; +https://example.com)', 'ZXlKcGRpSTZJakozWkdjMFZsVTRRMmdyZVZKMFRIaHZlalIwT0ZFOVBTSXNJblpoYkhWbElqb2llRXR2TTFCWGJHTlVhalZZVkdGbVJrZHdaV0l3Vld0YWRYRkNaVTFrZVVaVVdIQmlieTkwTm5kVGFVbGtUM0pKUWtGVWMxaEtiVEJITUZSRk5IVlhUalJqTlRaUU5tZFFObFJUYkdKTE5EQjJMemRSUmk5U1VsZzROMHBQTTBkNk5qQmtSRFF5VDFCMVlXTlNReXQ0TVU0eVp6WTRia0ZxWld4Qk1USllUbm80Wkc1d2ExcGhNR2Q2YVZJMk5WVlpZbEZwUmxSa1oyNDRiVkVyV0RCNlNrODJSMlJ3WVZKaFJ6UTBNMEpsSzJaVWVGWjBiRGx6VmxoWU1YRTNVMVJIZDI1VGVrbFJLMjk0Y0ZSUlYybDNiV0pOYldSNVptRm5abVkxUkRNMllWWkRUM293Tm5wNEt6Sm1RWFpuT1U1SFlsSnhOM2xtTVZWMVlXeG5USEpOYkVoNmFqWnljVk42VG5GQlIzVmtRazVGYVROclpGRTlQU0lzSW0xaFl5STZJbUUzT1dSa00yTTRabVJqTXpVMk5UZzBNalJqTXpkaVltRXlOVFF3WmpZMU5XTmlaRGxpTkRNM01tVXlZVEF3Wm1Zek1qRTNZekEzWVRnd1pXVXdZek1pTENKMFlXY2lPaUlpZlE9PQ==', 1769697896),
('BILssPAHnD2nm2KMw1GPJhJh1RomfNOP0GIf8sZm', NULL, '59.14.17.48', 'Mozilla/5.0 (Linux; Android 9; Mi A2 Lite) AppleWebKit/537.36 (KHTML, like Gecko) Chrome/80.0.3987.132', 'ZXlKcGRpSTZJa1pVYUVKc1NqVlZWR1pPUm14WVVubzROMmxPUzFFOVBTSXNJblpoYkhWbElqb2lOek5aUnl0TldqbDVWVEZHVDFGWloxWnZjbFF5Tkc5SGNVbFNabHBSVG1GTWNEZFFZMVp2WjBOQlMyUmpPVUpTVEZSRVRYSjFUalpaYkhrM1VXTmpTbVJ3WVcxVWVEVndTVWxEZGpaelltOXpRa0Z5Vm1KWFZYTnNOSHBOZDJocWRVZG5OM3BVZFhKTVpIRTFWemhXVmtKQlR6TkxUVFJ5V0ZocllUZ3pSM1ZzV0RsQlVsTkhWMFpZUWtSUWMwdEdlVmhoWm1KbFpURnZNMnRDVVdweVJGZHROa3RSVm01UU5GZDJiV2xXVDA1WGVXNUNUbkV4VVRsdWRGSmliSFJzTDJNMVNVRXJiRTg0SzFWbmJuVTVTRmdyUmxaeE5HNVFWamsyVXpGeldWVTJWMEVyVWtaWGMwRXhUVUZvTkRSR2JGSkJjRlpKUVNzeE5XdEhNRVZ3UlM4MmMxUm1OMmhJVEhKck5YVjJhbEJTTlVOMlIxRTlQU0lzSW0xaFl5STZJbUk0WkdJMk16SmlaVFU1WldFMFlUTTBaVE5tWkRWbU5tWTBaRE5pWVRCaFlqQTBaV1ppWTJFell6YzJaalpoWldVNE16Tm1aRFV3TW1JME9EazRaR0VpTENKMFlXY2lPaUlpZlE9PQ==', 1769573277),
('cHF0x1FjDkHhu0qmo0IWxMCyl8lCRK6yBh1NKQyU', NULL, '43.199.42.176', 'Mozilla/5.0 (iPhone; CPU iPhone OS 16_6 like Mac OS X) AppleWebKit/605.1.15 (KHTML, like Gecko) Version/16.6 Mobile/15E148 Safari/604.1', 'ZXlKcGRpSTZJbVV5WVd3cmMwSnllSEZzUm01UFJWRjFjQzlxYUZFOVBTSXNJblpoYkhWbElqb2lTbHBNUldKS2VsSjFibXBOUnpCRlNGRlJUV3MxVTA1bWVTODRLM3BFZW04elZrOHhSREYzZVVKaGIyRnZjSFZzWkhoWFFuUTNhbk14VFRkRWFqVllTVWRMUlRSSVEwOUNTREpYVUhoMldVSnVjMkZGY2tSMmFTOUNkMDVHY1RWMVZUQnVPWEp6YVhSRVdsWjZNMFJYTTNSaE9VNWpRbkVyUlU0MVZGSkJVRVl6V25KdmRsUktiWEVyVUdONWNWaHliMHhXVG1GNFptUkhkbmRxYURWVGFVUXdkMjlUZHpaNFdYQktTV2xOZERoMlRERTVjM0JKTkdwWU5rRm5Za3RhYjI4ME5HNHJTWEV4V2tGS1ZYaEpNVmxKZGpaeWVIbHJOVkJxYkhORFJXTXdVR0YxUmxBNWRtRkNTbnA2T0RGeGQyVnJNRGhKUkV0dk1DOHhZblJaVW5Kck1teEtUeXRCY0VSek5sZEpiVUpHU1U1UVYyYzlQU0lzSW0xaFl5STZJall5WlRCa1ltWTRZemcxWVRJME16Y3hOREF4TkdFMk9UWTVNek0wTTJZMFlqazFOREExTkRaaVpUTTRNRGt3TWpsa1ptTXdPV0pqWVdNd1pXUXlOMklpTENKMFlXY2lPaUlpZlE9PQ==', 1769582287),
('D6U0YDF69zYbZ8LC4tQ6K7Hig4yHuZ4YzXnfVuuE', NULL, '204.101.161.15', 'Mozilla/5.0 (X11; Linux x86_64) AppleWebKit/537.36 (KHTML, like Gecko) Chrome/143.0.0.0 Safari/537.36', 'ZXlKcGRpSTZJalZTVTBoRE5tTmtTa1pHZUVaSk1tZFFialV3VWtFOVBTSXNJblpoYkhWbElqb2lUaTlXWWpaVmRIQTNTakJoVjNGbFNEUXpUVXBJVVM5NE9HdzViMmR6ZVVGWVYwWmpkV1IxUmpGYWNIZzBjMVpHUW5sTEszaFNRM2g0Y1N0cFpHcFdRVVJITjBGMWIwaGljMVZsVm1oRWIwazBSemRzUWs5NVZHeG1ZbXBrTW5OWU4wSnRWbFZXUmxONGNESklXa0ZSV2pCc2N6WTFOV2hSVEhCaVJYZDBTVmR3VFV0ek5qTnFLMUZZV1dacE9USTJka0V2ZWtOUVVXcENWVkZRY1hOeVQxUnZVRVpEYm5NMVUxZExaRlo1UlVWUmJHUnZZbXRLZUV4bkwxQXdSa3AxZGsxdFJrcHFla2h6S3pRNFFXVndjSGg1ZEhWUlVrRmtNREZyZFdaM2NIazRNeXN3WmpORWVXdFpVVmRUTTFrM1VqSXhXa1pZZGpWMFdtUkZjRkV3VUZkTFZtNWxTVzlaUzNWcVYwSk5OM3BMT0RaaVMwRTlQU0lzSW0xaFl5STZJamN4TWpZME5UZGhaV1UzTmpNeE16TTJZekEyWVRNNE1URm1aak5qWVRkbU1qUTJZVGRoWXpVMk1qbGxNbVk1WVdRMk16azNOR0V4TnpGa1pXWmpOVGtpTENKMFlXY2lPaUlpZlE9PQ==', 1769711877),
('D6yeXNrpG1EUskWGawwA0R2ithzmkomq5uxSp1bl', NULL, '146.190.206.67', 'Mozilla/5.0 (Linux; Android 10; K) AppleWebKit/537.36 (KHTML, like Gecko) Chrome/134.0.0.0 Mobile Safari/537.36', 'ZXlKcGRpSTZJbUZpWkdGdGEwMXljeXRpVEhoVFpXcHROMFZRYUZFOVBTSXNJblpoYkhWbElqb2lOVUZ4UkRSeVZGaG9lSG92VlVsT0wwcFJaVGgyYjNGeGMwVmxNSGxpVERCV04zcFJkRWhWVUcxWk9FMXJVWEJ6WlV0ek9VTkJiazA1TXpoSk5uRTNRM1l6SzJwbFdIVlVjSEJpYjJWbmJuRm1XR3BVYzJ0cFRuWnJSVFo2Wnl0SGNtbDZSVkJtVFc1aVpXaENTall2VEVkd05HUkZORXh4UkM5RlMwTnlaWEZKUlcxU2RHcEpjM042UjFCWlFVZGhibkp3V2t4eFowNUpiVXhpTjBocGVGbGplRnBoT0hoSVlWVmFSa2xEZW10U1JrOW1Oa0ZIYlZoTFJpc3ZPREJHT0VkelpHbFRjVVl3VDFCV2NtOW9kaTgzV1RoUVZXdEpZVnBzUjI4MVkyaGhaRGRVT0doc1VrNHpkVzFKVWpCSmNYVXZaVVZvTkZGbmRUVllNalpIY0VoTmFXbEdWMVJzTUhJNVdWRXpUV2QxVVZGaFlWRTlQU0lzSW0xaFl5STZJbU14WkdOallXVTJaVFU1T0ROaU56UmxOR0U1TkRnMU1tSTVaRFpsT0dReE4yWTBPVE15TXpJek1qVTVNakZrTlRJMFpHVXhOVEprWlRFMU1qSmhZemNpTENKMFlXY2lPaUlpZlE9PQ==', 1769563407),
('ddvfmNEI0sT7OXF8XmZ8DqAid86UxDU7eRmmUVkE', NULL, '23.27.145.29', 'Mozilla/5.0 (X11; Linux i686; rv:109.0) Gecko/20100101 Firefox/120.0', 'ZXlKcGRpSTZJbUpzZFdaRFpEVmhORUZLWm5oblZIa3pZV1JwV25jOVBTSXNJblpoYkhWbElqb2lSVkUxTlUxR2NUVjRWbnAzYVRVM2VsSnBVbTF0TXk5TVdIbGxjakZwYWxSa2FUSjBNa3RGWldGM2IxQnpXWE5pVVNzdk9VVlRUWFZvVjNaMlVrWm5XRFUyZDJ4cmNEQlhlRlJhVDJWSFpVTkVhVTFGYkM5UVltUktaMDVoUzJ4V016VlJRMFp5VjNKRFEzbHFhVVJJWldoRVRYRnBlRk50VUZvMVJqUlZOR3RTWW5OcWQyMUhPRU5IZDJSRVMySkhjaThyYjNoa2NuRnJUVkpyV2tSeE0xSkhNbVIyV1c1d1JESjFWVWhRY2sweFRHMUZhVmRYYUVaVFJ6UXJOQzl1ZVhZMVJGQXlha3hxY3pkV2IwZHNTVUpKU1ZSa00xcFhjWFpPV0V0T2FIbzFjbU5DYlRJMldUWktibVJ4UTI5ck1HcDNNazluU2xOSk5FeHVSVkpLTkhJM1FqYzVSWEF4WXpRMWVVMVZXRTl5YWsxaFUzYzlQU0lzSW0xaFl5STZJakV6TnpkbU1tRTNObVk0TXpJek5UUXlNemd5WldJeU5UQTBNMlF4WVRJNVlUUm1Zamt5TldVMFkySTVZVFF6WWpWalpqZzROamMwTUdWall6YzRPV0lpTENKMFlXY2lPaUlpZlE9PQ==', 1769715899),
('dGqflkvjT0etMv8YKNh6u33fPUE3bAoLr6Veik7L', NULL, '45.94.20.40', 'Mozilla/5.0 (iPhone; CPU iPhone OS 17_2 like Mac OS X) AppleWebKit/605.1.15 (KHTML, like Gecko) EdgiOS/120.0.2210.105 Version/17.0 Mobile/15E148 Safari/604.1', 'ZXlKcGRpSTZJbFZqUW1jdmJWbG9NMUpFYzNONllreEZWbVExTVZFOVBTSXNJblpoYkhWbElqb2lVMms0T1ZKcEwwSjNWa1JvUW5kbWJXNURVVGN6YmpFM05FOU1MeXRhVTAxcE1UUmtaa3RKUWtGTlNucGlZemxrVXpaTFNVcGtRaTlMY2tSRVlWSmlhbGhvWVZsUFpHWkhXa0ZQTmpoWlpUaE9VemRzU1c1U0sxZGlMMjVyZUdOWVluZDRTMjFWYmpNck9GVndabkU0WjBGdWFuWnFWR2MwZFdkQ01IbFRjM0UyUjNWcFMzRkVXVTUyZFZOVVdHa3lUbGR5U0dWSEx6Vk5XRTR5V1ZrMUwzSk9VRTVqUkhKR1NYTjFUVUpJVmpKblNXSTVURE5uTVRsRWJtMWlNMWxCWVRWYU1VbDZOR1pXVjFJNWRqaHpPWFpzVVU1cVJVbFBiRzVEWlZSblFteFlaa3dyY1dzM2NYZG1UVWd6ZEN0cldXeFNaWGRRZUhBMU1XMWxSMWxCZEZONVJqSjFiMDVLTTI5M2JFdERLM2RxYzJaUGVrRTlQU0lzSW0xaFl5STZJbUl5T0RFNU56ZzFNVEpsTWpFMVlqTXdNMlU0T1RjMU16QTFPRFl5TldVM04yWmlNR1UxTlRjd1pETXlOemc0WkRkallURXpOalUwTm1RMlptTmtNalFpTENKMFlXY2lPaUlpZlE9PQ==', 1769568037),
('E3cnzkjjYcl7o0hK9PDh0rsSVUOZdM5QiFMsJ2sc', NULL, '183.134.59.133', 'Mozilla/5.0 (Macintosh; Intel Mac OS X 10_11) AppleWebKit/601.1.27 (KHTML, like Gecko) Chrome/47.0.2526.106 Safari/601.1.27', 'ZXlKcGRpSTZJbWxLVDJ4Q1NIaENXSE16T1cxaVJHaFlXVUphU0hjOVBTSXNJblpoYkhWbElqb2llWGRZWTNOeGNVOU5MemN5YjBKUFRIRlhhVWhUYzNkUlVrcENPRE40T0dsb1QybEpaMXBLVWt4RGJTOWxiRmMwTDBNeVZYbDBkMFphUWpKSWNGVnBZU3QxYTNWcWVWWkJXVzVoV0hsMU4wNTVhMGcyT1cxd1ZFTklaMkYxUTI5eGEwOUdjVkozSzJkTFJGb3pVakJ5WTA5emFuUk9SWEV6VEZwU1ZVTlJUWEZhV2tzMmJuSkNNMUpNZG10WVlrb3JNRUpqVDJ3M1QwRnFlbTh4TTJaRllVRkxTblZzVmxWWlRFY3hXRFZNZVRsdVVuYzRNV1JUWjJWMFJtY3lTWFZuVkU4MVZFMTBNWHBHV21oa1NrMHliRzV2ZFRsbk56SjNRa1ZqTUVWWWJtTkNWWGNyVjFrdk0zVXdRVE5FZDJSbmMzcFljbm8wZUZaRFQxaHhWMnM1VDNkUlkxVXdLMEUxU25OcVNtdFNSVXBKY2pCU00wRTlQU0lzSW0xaFl5STZJbVl3TmpWa1lqUmlOakUxTkRneFlqUXhORFUyTmpNME5UUmxabVZtWW1JeFlqRTNPREE0Tm1FNU1Ea3pOR0UxWW1VMU5EVmtaVGhoTldWaVkyRTBZMllpTENKMFlXY2lPaUlpZlE9PQ==', 1769643718),
('eDADf8ApahRIEPepIGwS4VzlpufJsNXhrWVTspko', NULL, '139.59.64.40', 'Mozilla/5.0 (X11; Linux x86_64) AppleWebKit/537.36 (KHTML, like Gecko) Chrome/142.0.0.0 Safari/537.36', 'ZXlKcGRpSTZJak13VUd4TFYwMXBSRXBIYTJwamRrdFFhSEZFZWtFOVBTSXNJblpoYkhWbElqb2lXVzVaZUV0UVNEbGhNVm9yV21WQ2VreFhSUzl1TkZSNFkyd3pTVFV2WjFWdFpqTmpaRTVCVW5aeldXbEhTMncwWkRFM1JIRlJZekZWZFdSUlZUa3dWRzlUVVVORk5qSmtkV2xDVG1sUVpIaExZazFGWmtGM1FXaFNaRlJRV0VKNWFtSnNWR2c0YWxCQmJsaHRNR1J2VmtkRlN6SktXWFUyZEd3dmFqWjJPV2hRZFVabU1XTm1ZbXhWUnpCQ1ZUaHRkMVphVjBoU2NWSjROR0pUZDFwdmEwcFhiM1V6VmprNGQweE5hRmhyYjJaaFkyUnBORzFyWjBGRGQyTkVMM0JyYlhaQlYyTndUa3haTjBwSGVGQTNOR2syVFRGQ1drMU9RMlE0TlRCak56bGpialJoVkdGTWFtMHdSV0puT1hOa1JtcHVObFpJYWxwMk5sTkxiWEl2TkU5YVVHNW1abUZsV0ZGSVpuZ3ZNRUp4U2sxV05XYzlQU0lzSW0xaFl5STZJakJtTlRNNVpqRmxORGRsTmpRNE5Ua3pObUU0TTJOaE1UY3dPR0ZqTXprMVpHRTROVFF6T1RRNVpHSmhaVGsxTWpBNFpHWmhNbVV5TmpNNU1XSXpOV0VpTENKMFlXY2lPaUlpZlE9PQ==', 1769673927),
('enRBAimribhz5JFDrjbRdih0nLOTYopHugwMZCpA', NULL, '8.211.51.60', 'Mozilla/5.0 (Windows NT 10.0; Win64; x64; rv:121.0) Gecko/20100101 Firefox/121.0', 'ZXlKcGRpSTZJakpqUzFaeldGbFhZVVJQVEV4YWFub3pkalUwTWtFOVBTSXNJblpoYkhWbElqb2lXV3B3WjBRMFJrOWFLMEpZVlZWak4ydHZjbkZRYm1ZeFJWUkxhSGRaUjNka05rWlhTRXNyYlVsRlZXd3ZOVVpzY0d0b1FTOHhVMWxsWmxwNU1XWTNiRTlESzBGWWJrTjBZMHhwVkhoemNGQkpXSHBuVWxKNlNtVm9LMVpYUjFSWk1sUnJWMlJvY0Vab2ExcFFWSHBLZUdselQydGpRakZxYmtaTk1WWlZUVk5MY1ZJeGFFTnhiRnBaUVVSMVYySllLMmxrWjJWUmVHaGtVbGg1TjJsQlFUUm5TM0ZtU0ROQmNHOU9PR0pVZW5acGVqaDJjbkJGYkROWll6aFBhekJUY2tjNFFsaEtaV3R5YVhONlNrTlJkMHN5TW0xUlprWXdNRk5RYmpsVVoyTllXWFpLWWtKNFoxVkRXWFp2ZUhneFZGbFJXVTUwYVM5T1JVdGxhWHByT0RkWVJEVlpibEpDT1hOQ0t6RjFVa2xqVmxkUmJGRTlQU0lzSW0xaFl5STZJbUZsTUdNM1pXWTJNbVUxTTJZd09EZ3dOVGMyTmpobU5qYzFOR0l3WWpObE1tVXdaVEl3TkdJeE9UbGtaVGt6TTJObE5qazRaRGt6WVdaaVpHVXdPVGNpTENKMFlXY2lPaUlpZlE9PQ==', 1769701837),
('eo8n8QefP6I2RKSxMN2Wn1h4XitA8TKXpdKsfxWQ', NULL, '149.57.180.90', 'Mozilla/5.0 (X11; Linux i686; rv:109.0) Gecko/20100101 Firefox/120.0', 'ZXlKcGRpSTZJa0ZWYlVoSWVGRkRNamxZYkZWRk9EWkRNVmh6YlVFOVBTSXNJblpoYkhWbElqb2lNMDlXV1hWbWQwWmhVV001UTFsaGIyd3hZbU5ST0RKUk5taFpkQ3R5WVhWdGFpOXRZMGRvYkdWMFpVRmhTVVZ2YjNKMWEweEJWM0JoWjBwc09IaGxibFZGVW14b1VFeE9ZMnRGWWxWelpFeGxhbXMwYUZWUlZHeHpWR3cxTUhSWVJrUXpPVUp4U2s5cGJtbFNZM29yTDNnMVdGZG5WbEJhWm5CWFUyaEpiSE5VUmtaT1JrTkRZbE0yUkc5cFUwbE1VSFp0WkRBNGIxUXpZM2hITkVGbGNtTnNXRmxtUzFFdmVIQk1aM2xTTTFGaE9Wb3ZaalY1Vlc5SVFrTlRhSGxQUkc0NVoydDRRV3BvWWxNeVVtWlRZV3RvUkRCQk1WaDRkV1YxYTI1R1NrSTRRWHA1VFhSelVISkJUemhYTTNKak9DOXpXRGRGUjFnNVJqZDZSWHBSUW5aQ2JsUkhRV0ZTTlZWTFNUbGxZa2RtT0dSclpYYzlQU0lzSW0xaFl5STZJakEyTkdZNFpqVm1aR05oTjJGaFlqWmpaRGxpWm1FMFpEVXdZelUzTWpnelptSTRNamsxWTJReE16ZGtaR05pTVRKbE9UazVOV0UzTkRKa05EWXhaREVpTENKMFlXY2lPaUlpZlE9PQ==', 1769591295),
('eqeEjNgUuPXOVlGOO3dRSGkAP17qmfJJk4sgv4n3', NULL, '149.40.54.133', 'Mozilla/5.0 (Macintosh; Intel Mac OS X 10_15_7) AppleWebKit/537.36 (KHTML, like Gecko) Chrome/143.0.0.0 Safari/537.36', 'ZXlKcGRpSTZJbFpIVjNOV2RqWkxVRVZLZVRsUUx5dGlVekJVTUhjOVBTSXNJblpoYkhWbElqb2ljMDFaUms5UlEwRndkV0Z1ZVROaFdtMWhjbTUxY0hWeVdUSTBVRk5QY3pGc1FYZENZM1JPWW1KTloyWlhXVWRxVDBGSlRWazFSakJsU0hjNVZsVmtRV2QwV25acmJFY3ZlWGxYZWpZdk9GSk5OamxKZVdFelduaFZUa2hqWjFCVlZsZFFhemR3VW14VE5VUkRiemxXYjBGelZUVk5ZbkV4UkRaV0wyaDRhQzl0T0VnMmVuSkNiekpPV0UwNVoxRlhjVkI1T1RWb2IyVlBXWGhWVUU1a1RYbzJjVE4xV21SbFRYRnJla2xsYUZobE1teFdOV0YxVkhGQ2VtVjNWMnBEVG1SelVFTnFURVJ5UzJkblZFeENXRVp5UjA5RFVHVmxUVkpNYUd0bFFsZGlNVVk1TTBOdVowNVFlVmhJWVRsVFFWRk9NRFZPY0RkM1ZFVmtja0ZLVFVsdGFYVnlMMkpPZEhOcVJqSTVVamhCVEZwMldrRTlQU0lzSW0xaFl5STZJalU1TWpVMU5qTTJaREEwWmpSak1qQTFaakU0WXpaak0yTmpORFkxT1dRME5EVXdOelV4WkdabFpURmxPR1V6T1RBeVpUQXdOR001TW1NeE5XSmhPV1VpTENKMFlXY2lPaUlpZlE9PQ==', 1769563926),
('ERTDskuJaGwGORXQ57Bbg2s0Ux9njL57BgE9HROl', NULL, '111.7.100.20', 'Mozilla/5.0 (Windows NT 10.0; Win64; x64) AppleWebKit/537.36 (KHTML, like Gecko) Chrome/92.0.4515.107 Safari/537.36', 'ZXlKcGRpSTZJa0ZMV1U1T1ZWaHlSRFpOVDNWbVdWWkVUV1EwZWxFOVBTSXNJblpoYkhWbElqb2lZekkzVFZjMFR6VlhlVEpuUjJvMk9XaFNSa3BSVTBveVdscFJhVXBDVDFsYWQxb3ZTbXBMVDNKT2RuZEdRVXcxVkRkWmVFeHpZVTl0TTFSa1FqTmFVWEkwU25adFVXVnJhVVozUTJ0S2MzQkNTRnBQVHpGWFR6RnVjR1k1ZFU5NlFVaGFabVoyVVdodmEwNVBhV3h0VWtaUldtdHhkbGhtUnk5U01GUTVaRWcxVDNwaE1td3dXSGt4U0hCV2VqaEdURUUwSzFRM2VrbGtZV3gwTTIxaFVYZFFTM0V5YjBoTFJraDBTV2s0ZFhobGQwSnVhVWdyVGxCTFVIRlhWamhGVm5SYU56aHBWMUZqWjB0NlJGWkZSVlYyUW1Sc1dubzFZek5GYkVKSVEyc3hkRlpIVmxaVFN6TkdXVFJJTldaa1QwRkxhVFJxU0RrclFtOU9NRnBYTVdodlJIVkVkWFF4VjBWVVdVUklZbUo2Ukc1SWJIYzlQU0lzSW0xaFl5STZJamMzWWpSbE16ZGhOemd5WXpKbU5HVXpOVGM1WXpZNE5UTXdNRGxtTXpBeFltRTRaRFZtTm1NNE1UQmtaREJtTXpZM056TmhaV1ZsTW1WaFlXUXdORFlpTENKMFlXY2lPaUlpZlE9PQ==', 1769705145),
('eXUjYTPThDPdmgNggK9qdSp39I6U2gdXXnBnuqMq', NULL, '185.177.72.38', 'curl/8.7.1', 'ZXlKcGRpSTZJbm95VW10TVRqRk5TRWhZUVU1TkwxRmpiSFI0V1VFOVBTSXNJblpoYkhWbElqb2labXhOTm04dmJXbGlUVEkyYWsxNGRuZG1Ta2tyVG5KRU5XRTBSemRGZW1KRFpGWTNZMkpyYVd4MFNHOXRSVlF5WjJ0QmRXNHJRekF4T1RoRVdYbEtSRzlaYmpkV1lqUmpTak5xTkZBemFETXJNVWd5WTBsd1lqZ3dObWRsVjNWSlZpczRTMGRRTXl0WFJGWkxNV3BsV0ZwcVRtVnRWRFJyYW5kdWFWTkxOVmQwYTFsNFpqUkVWSGRaZVZNNVMxSk9VblIyT1RkVllsTjFOR1Y0T1ZGM1FVUnROMWd4VGtwQ1VWZE9LM05FZVN0b1RWVnBkVVJ3VW1keE5EVkJaMGx4VldabmNWcGFSRU5tTWtoMGMwUkNVRVJNTURsUGFsZGFiVzFyV204NE9XcFRaSE42YVV4TGFHeHpTbkJxZGpReUsxSTJPVUZvTld4WlFucERhbkYyY25nck5XZEplWGhuVERGQmNqSm1kbXd5ZFUxbWMwRTlQU0lzSW0xaFl5STZJbUUwT1dKbE9EUmxaVEZtT0RZMFlXRmlOMkZpWWpJMU1UUXpPRFl3WmpJMU9EQm1aalE0TURJd1pqSTBNV1UyTkRkaVlqQTVOR1JqTURaaE1XUmtNamdpTENKMFlXY2lPaUlpZlE9PQ==', 1769734331),
('eZ9fGP8TPhMQUWNbMHONgOYT3ZnumZru7pJpuiqJ', NULL, '49.51.52.250', 'Mozilla/5.0 (iPhone; CPU iPhone OS 13_2_3 like Mac OS X) AppleWebKit/605.1.15 (KHTML, like Gecko) Version/13.0.3 Mobile/15E148 Safari/604.1', 'ZXlKcGRpSTZJa1p1VFVOdVREWTFZV2w0WW14a2J6RnRjV2hLVkZFOVBTSXNJblpoYkhWbElqb2lWVFZ5YWs1MUt6TlVjbFZCZDNJck4yOVJXamRoU1c1VlozcEJTbWMyTWtvMVFYRlRjMWRSYm5ZMWNVZEVSbUYyTnpoa2NFcHNZMGR3UTFWd1lWY3pZbmxMUjNsck9XZGxVRE5vVHpaWU56QkZZa05WYjAxWGRqQkVVa0YwUmpadlVXUXlUU3RMZVVScVdXZFJjRlZCT0dGRlRWUk9WbmxFY0ZoWWJWaFJLMjh2TVZOTFlUWklSbnBzVFRnMWVETndVREZwVWtZMlNFUnljMUpTVFdGblJXTk5RbmM0V2xvNFJqa3pVSEJXWjIxc0sxVmFNRlZRTURWVVFsSmlURkZEVkZWMVdUZHBUM2RCTW1WQlpWaHdUa3N6Tms1QlRVTlVjVmRZYVdGYWVWaEljMlZITWtkWVJHdHVTblJLWTNrNVpFSkJibkl5V1U1U2RHVTRVSElyTVhGM2RVOU1kemxxVTFVM1pHNHZTR2xoVTNGWk5GRTlQU0lzSW0xaFl5STZJamMyWVdaa01XVm1ZemMxT1dGa01HSmhOV1UzTUdWaU9UQXhZbU5oTkdNd016SmpOalUzWXpJMk9EZG1PRGc1TmpneFlXTm1ZVFJsWXpZeE5qVmpZelVpTENKMFlXY2lPaUlpZlE9PQ==', 1769591981),
('faMeVty8xAaJNVkbXn8KjXyMDuCIsMbIfLO9fXQH', NULL, '49.51.243.95', 'Mozilla/5.0 (iPhone; CPU iPhone OS 13_2_3 like Mac OS X) AppleWebKit/605.1.15 (KHTML, like Gecko) Version/13.0.3 Mobile/15E148 Safari/604.1', 'ZXlKcGRpSTZJalZ3TlVwalVHZHFOR1JMTHpod1FubFFSRVpwTmtFOVBTSXNJblpoYkhWbElqb2lUekZEZVZCdE5uQkVabW95YlRaNVoyaE1Na2xzVkU4clVpOURRMVp3WlN0MVNXdExURFJzWml0dFFVUjJjME5MYjJoTlFqaGhMMVZJVFU5ME1rZzJLM1F3VlZVd1VuTnZPU3RMYzBoS2MzaE5XV0YxWmpadFUxWlNOWEZKTjI5eVNuaDVSakJOTUVKMGRtTkhTMU4yVEhOTmFEWjBRa1EyT1VvMFJYZG1jV3h2V0cxNVQwdDZSbVYwZVhkamFtMU5kMGx6VHpCUGVEZFZLMEZWU1hWbFNpOTJlRGRhWWxCQmJIQnNjazVtUWs5NFZVTlpjWEoxUkVWSVFtVlpNMmN2T1RSM01IVm5jVVl4T0VGaWFqSmllbmxWUVRJMWVETXlaRE42ZVUwclIzRnBOMFZETVVsYU4yVXhXR3B3YVhaUk1YaFNUV1pqVEN0RE0xaEJUbU5tTUdKalQzYzFXalIyWW1SaFFtdEdXbVZrTDBOWlIxWk1kRFZ3TnpCMVltZEpjRmQzU2xkc1pITmpjalE5SWl3aWJXRmpJam9pTm1GbVltSXpZekJtWmpBNVkyUmhaR1F4TlRReE1XWTJNRGxsWWpZME1HRm1ZV1V5WldFd09HVTRZVEZqTVRRMllXTXdNV1E1WkRBek1URTVNVGcwTUNJc0luUmhaeUk2SWlKOQ==', 1769595212),
('fF8PUlCSdYrRbe1WKeonZCeA7vWXfMVQI08q3RH1', NULL, '185.177.72.38', 'curl/8.7.1', 'ZXlKcGRpSTZJbUUxVTFZdlZscFRXRU5KUzBkeFNGUjJSVmhGTDFFOVBTSXNJblpoYkhWbElqb2lVR1pxWlRoRloyOUdVV054TmtaM1owWk1aVWhPY21aUlRISlFVbEJZVjBkV2NtaGlTU3RWUkdWT01rRXhSMmtyVG5WTmMxTmpiRFI0WXpsV1NFZGpibkJ3YkUxbFIwTTRhR3QwTUU4clRsQXJhMFJITTI0NFFsWmpjVEZ5V0ZOVmJFUnlVV1U0ZEdscmIwVTNVRmMyZDBsRU1YQnJNbGgwVTFoRVQwRTVSbWMyUVU4eWNGQkRkREZVWVZrME9EZElSR2hvVjFNNUx6RmpOMjEwYjFZeVUwaEVSVE50UlU5dGFsRjZPV0pqU1ZWelNIQk1jRUpFSzJaaWF6ZEZSWEZpYUVsUU4yTTRhMVJKYW1sRWFXcFJkVkJKYVRaVGFFWldPR0pKVlM5Q1ducDVabXRzV0ZSdE5qUnNaRnBzTDNGRGJIQkdXbGNyU1RsVVlVMW1jM1JsZEVoRWEyZFZaMmt2V1ZWV1dEaDVhWEpZU0VodlEzRkZkMlY0VUZCUlJtTTVaakp6Y2k5bFZEaDVVVkU5SWl3aWJXRmpJam9pTWpBMk1UTXhOR1ZpTnpkaE9HWTNZekE1WVRaaU5HTXpNbVZtTWprek9XWXdNbVEwWWpZME5EUmpZbU5sTW1JMk1qVXhZalpqTWpKaE9EY3paR1E0T1NJc0luUmhaeUk2SWlKOQ==', 1769734338),
('ffl9IDMb2AeJ6HZI5nw13OYYuMECxThqlyV1CU9T', NULL, '34.147.88.45', 'Scrapy/2.13.4 (+https://scrapy.org)', 'ZXlKcGRpSTZJalJPUkVGRGNYRlFWV1p1ZDBNemEyZE9TRkJSTmxFOVBTSXNJblpoYkhWbElqb2lkeTlzYUhvdlNrRm9lbEl5VmpVeU4wTlVRVmRJTlVSd01ucHVNVFk0V0ZZMldsYzFSVXRNYlRReUwwcHliVEZpT0hwMmMyMUJNV0pYUjBKVFRtRTFWV3B5TjFJeFdITTFiWGd2VEdwdFNXaFJiVzlIWkdOR04wdDRkMFJaVTNObWJEWmFTVEIwZEM5RFpsVkNOMUJpYkZZeFFscDNSbWhHUjFCalpGSjZkMWRMYzJwTmRtcGpRbXBtWlU5aFkyVkxOQ3RTVkhaUGFrWnpNVWR3T0N0NFJFcHpVbnBXU25sSFZuSk5TMjF0TjNjMWRrMTJiV1JaTTI1V2RHNUNhVWRFTnpoaFVESnFlVFpXVFVKV1kyTlFheXR1Y21GblRYazFWM0Y2YlUxMWIwUXpUak5wU25KUFpqUXhXa042U0dsRVVHNTFkalZUYVU5b1NTdEZUSEZYUkV4eU0zVlhiVXBDUlZVMlYyb3ZjMGwyUlZnclRVRTlQU0lzSW0xaFl5STZJakZoWlRRMFpHVTBabU5qTnpnMk5HVmtNamcwWkRoaU1UQTBaRGd3T0RZd1pUSXlNemMyTm1KaE5XTm1PR1ptTW1GalpUVTFNalEwTkRJME5UTmhOek1pTENKMFlXY2lPaUlpZlE9PQ==', 1769701746),
('fqSIYFWvQCPcZ7ulv6vL9k3YTMM1TErJpf1Ex72W', NULL, '159.203.16.118', 'Mozilla/5.0 (X11; Linux x86_64) AppleWebKit/537.36 (KHTML, like Gecko) Chrome/142.0.0.0 Safari/537.36', 'ZXlKcGRpSTZJaXRwV0doTE0wbHFVMUZNTldGV1NsTldWUzlKZFZFOVBTSXNJblpoYkhWbElqb2lNMnhYYjFKVlpVbFVlblF2TTBSVlZXMXBXSEF6TW00MlFtNW1ZVUZTUlRVMmNXZFFiRXBJV1V0VkwzUjVZVTVsWVRScFEwdzFaVll6ZEdwclpHcGpTR3hqVkhSR2VrTk5UMlF3VTBKalYwOUpUVXh4UzBkeFptWTVTekZOWXpoR2VqbE5RVXRrVEdWaWVURndkR1JqZGpSeFZYbzBVVkJIVDNsQmJVSXZlR1JoVjIwelMwbG1ja2hQUTBsNFQybHRPVWxVVkV4NFYwaEtaM3BXYlVOWlZ6bDVVMlJTYTJ0amFucGxkakZSY2pCaFN6TlNXV1pvYm01eVZWbzFWRGs1VlVzNVoyMHlWVUZ4TW05RFdraHNkMFExYzNCM1F5OTJOMm92YlRsaFpHczVRVVZLUzBkUlVWaFFTRGxMY3pZd2VGWTJZMnd6YTFVd09TOVJhakZuZWt0dVYzRkNNMUEyY0d4bFduYzJZMGh0ZVVSU2R5OW9SVEZoWmtGRFJrRllTU3RZWTIwMmFUUjBMMnB3Um1scVJEQnhRWEJNWWxZMFlXMDBUM0pJWlhnaUxDSnRZV01pT2lKbVlXUTFOV0ZsWldVeE5EZGpOelV4TXpVMk5EVTNaRGsyTlRVM1pEVTFabU5rTlRGbU5URTFPVFF5T1RZMU1HTXlOek01T1dGaE5tVTBZVGxqWlRBMElpd2lkR0ZuSWpvaUluMD0=', 1769567566),
('FRqni02gic5eiKKcGDNLhAiR5fBSFxKDfA1BM9NJ', NULL, '66.249.64.131', 'Mozilla/5.0 (Linux; Android 6.0.1; Nexus 5X Build/MMB29P) AppleWebKit/537.36 (KHTML, like Gecko) Chrome/143.0.7499.192 Mobile Safari/537.36 (compatible; Googlebot/2.1; +http://www.google.com/bot.html)', 'ZXlKcGRpSTZJamxwVEV4VlptMVJXSE01Y1dGb05FaGlabVJOWkdjOVBTSXNJblpoYkhWbElqb2lRWGxtWkZaeFVYSm9SaXM0YVN0cGVXdEpTWGhMYTBsSmVVbG1RMDVDVUZSRk1WWmtTM2hYUjFsSk1URk9iMVJsTDJOMk5GWnlRazV4TDB3eFZGVkxLMUJ1Ym14NFoweENVMXBJZURacVZEbHRObU0wTVhCbllXUk1TbHAxWmxwQ1F6UTJiM1U1YTJJelMzZ3ZWMEZ2YW5CUFVuVjVObTQyTW1SMldVVklSRlJPUlZrclRIQkJXV0pUVjJsSE4wVkdNakJIVERrNE1ubFlkSHBXVmxkWFJ6QmtMMjVtVm1Wc1owd3JLMnh1VDFSdlltUmpVa3hOVGsxMGNrbFhUVWxwZFRGaVp6ZFVTMkppUWtWcGNsSnJTMEZYY0hKb09YZEJhemRUYWxWVldrMWlVelUwVVdNclZEaDZOMGhZZWl0eU5HTXhNMFpXYTNGMVdFRTJkelJQYTBzNGVsZ3pWVEJGVVU5eGFXbE9VM1JwVjNSUlUzYzlQU0lzSW0xaFl5STZJbU0yWkRreU5HUXlNakZtWlRRMFlUbGpOMkkyWTJZeE9UazROV0k1WXpVeE1XRmhPR1ZsWTJVM1ptUTVNbVE1WXpkaFl6UXlOMlF4TkdFMk1qVXdOV1VpTENKMFlXY2lPaUlpZlE9PQ==', 1769622558),
('FVL1oqM7f2QWqnRy7mBknGq65ZwSfuMW46ycfUcq', NULL, '167.99.191.66', 'Mozilla/5.0 (X11; Linux x86_64) AppleWebKit/537.36 (KHTML, like Gecko) Chrome/142.0.0.0 Safari/537.36', 'ZXlKcGRpSTZJbWx6YkN0TGJXSXpLMmRqYW5KaWVtOVVTWGhpU1VFOVBTSXNJblpoYkhWbElqb2lTRlJHTVZsbGFFOUxaekpVUTJoMUwwRnlWMDFTU1d0b1UwcHlOV3BDVDBZMlNFbGhaamxQUTFwc1RWbHphamN4YmtGUFNFOVdhMGRaUXl0cGNtTkRWMFJzSzBkSGMxaDBXR1p1ZUhaNk9HNUhUVmhQVVV0ckszWkVhM1I0Y1RkbU56ZDBaa3BOZGtWYU5UWk1SM0JaTHpCa05qaHFiVUl2Tnpoa2FESlJPRFJhUVRScGVqQkdUbkJwZDJSNGRXSTJlbWhoYlN0cGVrNHhhRTR6VG10TFNHZHpUMk01YXk5RFVucFRSbEUzTjBKRmFIUnBVRzFyY0ZGSlJHTmxWbk5zWXpORWRGTnNSWFZXVjBsdlFpdE5ORXRYVjFKMEsxcHpPWGxEY0dwclVFSmlVV2xuUXl0a1JuWmplR3RGT0ZGSE5GWmhjMDVYVUhneE5HRktNRXcyVWxaWFJUaG9TVlZsYlRWVVMyNHpkRWhDVG5sUk5rRTlQU0lzSW0xaFl5STZJamt4TTJabFpEUmlaV0UyTkRCalpUZzJaVGxtT1RnNE1EQmtaRGxpWTJZMFlqSTFOelk1TWpsbE5EazJNR0V5Tmpka09HWm1ZVEk1TXpjM01tTXhOVGdpTENKMFlXY2lPaUlpZlE9PQ==', 1769581440);
INSERT INTO `sessions` (`id`, `user_id`, `ip_address`, `user_agent`, `payload`, `last_activity`) VALUES
('fzxEyCdwFSYCtc9oL1pSMKzPn5rySMInWCmTTwDn', NULL, '34.147.88.45', 'Scrapy/2.13.4 (+https://scrapy.org)', 'ZXlKcGRpSTZJa1FyUVd3NVpWWXJlR2xsZEhCUWJtdE9OVmd3ZFVFOVBTSXNJblpoYkhWbElqb2lZeXQxUkRCalpYUkRiRlExUTFsMWVrRTFhMjEwVDFWNlEwcHRLMnBRY1c5cU9FcENlSGRsVkRrMVRuQlhSMHMzZFV4aVkyTm1lRGxKTTJ4UGMyRXlLek5ZUkV0cFNHdFVieTlWYUdsTldtRXZhelZyY2s1R2NYVkRTalZJVmtwV2FWRkxOamMyZEVSVE1rNDFUblpIT0d0VGQyTmpMMGMwVjB0YVdWSnpPRmgyS3paelR6ZHdUVGhhVTJvMWNsTk5Lek5zZUZoVWEyVlFVVzVxYXpaaWJrNXplVmd5TTJKdFlUaEtlVGMyWmxadGIxYzRMM1o0TkhGUGVERm1lVkZwYVhGTEswUnVVVlpEZVdOdVVFNVFSakYzZFROMVMwZEdhRGt2VURWQ2NHTm5ObkI1V25CNFVVcHNUa1IzU0hWaVR6Um9NamwyVW5OWWJreEtTMjlNYm0xbFNtbFlNRXA0TlVkeFltRnRSUzh5Y0RaS1VUUTVXRlJZYm5oQ1RqWjVia0pWVGxSeEszTlpUMlEzYVZKbE1HMVljVVV5T1c1MVJGQnBkRmREWkc4aUxDSnRZV01pT2lJeVpEVXlaV1F6WVdJeU1URXlPV1V3WWpsalpETTFNekpqWmpBMVlqYzJOV016WVdSbE1qZzBPRGxpTnpSak9HWm1ORFpoTnpkak56RTFNVGRpTlRNeElpd2lkR0ZuSWpvaUluMD0=', 1769707743),
('g2u6sYJKlbwHkGySnsThb4l2wDKvfqZyivRyR7zb', NULL, '8.211.51.60', 'Mozilla/5.0 (Windows NT 10.0; Win64; x64; rv:122.0) Gecko/20100101 Firefox/122.0', 'ZXlKcGRpSTZJalExU21KYWF6a3pPWFprYTNKd2EzY3ZNWEJDUzJjOVBTSXNJblpoYkhWbElqb2lSMjl4ZFdSMVJIcFhlbFZqYlZOQkwwczFhQ3RyZFdsbVdFdEtjbkpyYzNKME0yMDBXVWxSVGtaS1RUTklRMDFwWmpsSU1uQkJkakV2Um10a1QxWlllVTAzWXpaUlJEbHRUMXB5ZEVsVVpUTlVkMk5pSzBNclNqSkxNSE5xYWt3d05rNVljMFo1VG5wVE4ycFZiMlY1YlZWbFQwaDBZbWhsUmxoV0szUmxaelZFYm1FM1NuZ3JVRFUxZVRBclkzaGxNVFUyVkU1bWFTdEpkVVZSVDFWNGQzcDFVbXRvUlRKTVVFZENhRXgzTmxKTU4xRldVbnBFU2t0TE5rNVlVbTE2TW5Wek1qUjJSVVZZY1ZGU2VqUnFNVTVEUVRZNGFDODBWRWR0TjFRMGRYUmpkMUZZVEUxc1MwTTJTbE12ZVdGU1YzSnVkbk14ZFZwalQxQTVVMGRUV0RGeFRsUkZOVTlYUjNoR2NGVnBkRUozYmpSdUwzYzlQU0lzSW0xaFl5STZJalExTXpNeU16a3lPVEl3TkRBek5URmtZbVprWmpaaE5tWTNPVEUwWVRkak5EWmhOalppTm1RMVpqVXpOemcwT0RFNVpUQXpPV0psT0RWa05tTmtOak1pTENKMFlXY2lPaUlpZlE9PQ==', 1769701827),
('Gk2qtdArCHXhQKFDyE0MYak8ltQEWNPVbRwOJ77H', NULL, '42.236.12.228', 'Mozilla/5.0 (Windows NT 10.0; Win64; x64) AppleWebKit/537.36 (KHTML, like Gecko) Chrome/140.0.0.0 Safari/537.36 Edg/140.0.0.0; 360Spider', 'ZXlKcGRpSTZJa1p4WlZSYVVIVndaRUo2UlZKamFteG1aREFyV1VFOVBTSXNJblpoYkhWbElqb2lRelJXZW14b01YQkVVM3BCVGxJeWRscEljMUZzTVVkSFoxQlJSaTl3Tldab1kwdFFja3d2WW5RM0sxcGFUVmd3VmtKNlZXdGFXWEk1ZWpjM2JVMW9SR050UzFodVFXbG9TREl2UlhKdE9DOUViR0pNS3pOTVlqbEhUR1JWY1VwU1NVTktUVTFGV0ZWcGVDOU9kMk0xVXpGWmQxSm5NazlYTVZWb1RTdFJPVXA0WkhCUWJERTVXVU13U0hORlRDOTNaM2hsZGs1bGVHVlZjVUp2YzFGTFEwWTRjRzUyT0VsNGNWQlhWemRCV2tRM1UxTjZjRFYyUjNvMldqVTVkbXNyWmtWTmF5dFJVbVpLYUdWMGF6QTRhakpJZEdvM09DOVFPR3RFTmxBMFNrdHRVRUptYkU1Wk5YVjRVVk5IVjB0TGFXNDNOM2R6UTJKR2RrdE1XbHBKWjBKTllVOWhSMUo0WWtSTlZ6SnNVMlpEU2tobE5uYzlQU0lzSW0xaFl5STZJakF4WWpjNU16Z3paR1EzTm1GbE9XUmpPV1ZsTnpGbU5UWXlZalJpWXpVME16WTJaR1V5T0RjME5XUTRPV0V6TWpNeU5ETXpZakl5TkRnNU4yWXdaRFFpTENKMFlXY2lPaUlpZlE9PQ==', 1769585178),
('gnnMRx2hdHmdopOuqgoNULV6eEZ6HZgX8HiJnjpn', NULL, '106.75.144.203', 'Mozilla/5.0 (Windows NT 6.1) AppleWebKit/537.36 (KHTML, like Gecko) Chrome/49.0.2623.112 Safari/537.36', 'ZXlKcGRpSTZJbWRFWkcxc2JEbEZVbTloVFV4UU9GaDZlVk5zVkVFOVBTSXNJblpoYkhWbElqb2lOaXMyVDNGcWRqaGFjMFZpVHpaelYyUlJSbFJrZWtwbVdFeExOelZYWjBKSGJYZzFNV0p3YUVSME5GQXJkbXhUWTNkU2F6WnFXbUpsZDJSeWRVcE5WeXRFUlVVd1VVUlpjVzFVTlcxcVNIWXhTRU0yV0RjMWRtWm5VbXRrSzA1a2FuUXZjVFZtYkZWMVVWTktXRFpZUlZWeVpqbFBjU3RWVlVadFUyazROamRhZUV4ME9EUXhhbGxuTUhCRllXRjJOM0pYUms1VUx6SkdlSGxHYWtSS2RHa3lORGxVYVRaRWNGbDZSME53T0ZsQ2RGbHNVMkpIY1hSRVNscHFRVlJuWjNCNVpqY3paRlZTTlhGblEyVmlWRUpqWmxZeFUycEllSEY1ZG10bWJFNTRhV3M0WVZGblRXcENMMWh3WVhkcmRtSkRWRUp0VlZVeFV6SjRMMUJCZEVacWJqZDZlRzlRTlRKdVNUSldXRWgxVW01WlRITjFZbVJPSzFkRWFHNVBOVzlITVRaVVVqTkZTMEZHV1VsU0sxVmhRWEprVG13MVpuRkZSV1ozYkdJaUxDSnRZV01pT2lJNU56SXhOakJtWlRnMk5qSXlNVEU0TW1SaE16aG1OMk13WXpreE9UUTBPREUwTnpWbFpHSTJaR015TVdFMlptTmpPRE14TnpZNU5qSXhaR1ExWXpFNElpd2lkR0ZuSWpvaUluMD0=', 1769600809),
('GOaAZ0SZCzuwVFcPiYeP2csOjlrddZaZqrACznaL', NULL, '123.160.223.75', 'Mozilla/5.0 (Macintosh; Intel Mac OS X 10_15_7) AppleWebKit/537.36 (KHTML, like Gecko) Chrome/120.0.0.0 Safari/537.36', 'ZXlKcGRpSTZJbGc1ZDJsTE1WVlJiRWh3VDJkVU1uTXdObWhtTTFFOVBTSXNJblpoYkhWbElqb2lMMXAzWmxRd1pqaEhNemRUWlhKRVpucDNWemRSTTI1RFdEazBaWGwwY0hCalYzQTRWRTlxWTAwNGVHRk1NV00xVEZaVVNrTnBjVmhrYkRoS2FrMXZOM0Z0Tmk5UFJIUm1UalZESzJjM1FuY3ZNR1pyUW5kclkwTXdSemhJWVd4b1VsUkZSbkJYT0ROV09XSlhValI1TkVKMVVtRlJZMkoyTTJSTlozUlFhRXByU2tKWlZHeEZOblZ0Y0RCQldFSlVWa3hTWjIwNVIwTmhiVTFMWVdwR1NGWjJObTk2ZEVVek9IUnFOMnMwWW1kU1NXWjNiRU5CYmtKMFMxQTVSbGRXUm14SEswOUJVRU5tUmxWNVQyWkNTRTFxUWpoUll6ZG9hM2cxUkZoV2RtVnRVemxYUjNNM05YWnFkek56WXpZMVdsSldlblJaYzFGbmRYTkVPR3BaWVV4bE1XTk1UMDV6ZEZKSFYxSldNV1p0UjA5V2NFRTlQU0lzSW0xaFl5STZJamd5TnprMlpXRTBPVFZsWkRFNVlqQTJZV1UxTVROa09XTTNZamsxTldRMk1EWTFZVEppWWpNNU16TTNNakkwWXpBNVpqQm1PVEptWXpReE16WTBORFFpTENKMFlXY2lPaUlpZlE9PQ==', 1769748024),
('GoPh55FafkmZ2LIackVHwOp7LBOduv780YdgmaAR', NULL, '54.162.31.194', 'Mozilla/5.0 (X11; Linux x86_64) AppleWebKit/537.36 (KHTML, like Gecko) Chrome/105.0.0.0 Safari/537.36', 'ZXlKcGRpSTZJblJRU0RaNlIxVmxSVmh6VkM5NVoyeERMMlY1ZW5jOVBTSXNJblpoYkhWbElqb2liVU5YV25WWlpGbHhjbTlQWVdGblRuSnJjbWRtTWl0TVZFdFdjaXQ1YkVwTVdESXdha2N4V1VGRWJ6WXJTR2t2SzBNeE1VaEVNR2xHYjJSbWJ5ODRSRzF6YjNoSk4zQkRhVGRNYkROeWNtbEtRMUZJUkc5eU9XZGlVMUpWTkRocE5taDNkRGN6Y0VaVFVsaEpSbEpoUkhCS2RtYzFNbTQ1T0hwWU1tRk5XVmh5YkVGWFVGVlVMMjVFZW1kb1IwMDFVMmhOUkRCVFFXUlBhbEp4VWtKQ1pFRnNlR2w0WjFCeEt6TlBhM0Z3YlZVd2FVcHFhMVZoYzNRNE9XTXlValpOSzBKWVdGZFVNM2xVY25acGREbFdPR041VmtVdmVrVnlla3RHYzFnMmVtdFVOMk1yTDNkNlUzVnlTRnBKUzJNelREQjRjbXQ1TTFSWWJVTTRXak5pZFVoUFFqZGlha3B6WTJwbGJuaGlhbVZrYnpKaFpIYzlQU0lzSW0xaFl5STZJbU13WVRjMU1tUmtZekpqT1dKa01tSmlNalkwWmpSak16TTFZMkZpTXpka016VXpNalJrTnpZMU9ETXpOR0ZrTlRJNE1qZGhPR1l6TW1FMllXWm1Nak1pTENKMFlXY2lPaUlpZlE9PQ==', 1769605182),
('gVm4hIuIarhBfX1x6SpH5RBJ46K3UUEnJwzVT5Xv', NULL, '43.199.42.176', 'Mozilla/5.0 (iPhone; CPU iPhone OS 16_6 like Mac OS X) AppleWebKit/605.1.15 (KHTML, like Gecko) Version/16.6 Mobile/15E148 Safari/604.1', 'ZXlKcGRpSTZJa3RxVFZVd1FVMTBZbVExWm5JNGFISnZkMDFCV0hjOVBTSXNJblpoYkhWbElqb2lWV05SWjJnM1JWQm9MMGRTUzFFMk1XWnhSMFZRWm5wa2RVeFhkWFJoYlRWdVdEZEZMMnRZZGxJd1dtdGpaRmhKWTFkVGFFeG9Sa0pMVm5oWGRqbEljVzF3TDNWcFRWVjRXRVJ5VmtrclpqaEpSa0p0YUhORFNsZDRWSEV5Vmt0VVpWSkRWV2t3U25GNFMyVjFkV2syYkdoSk5HaGhjRTVSUW1Gc2MxQlFjVWhsVlV0dWNXaFNSMUk0YTNGa1VsaDFOa2d3ZVZCU1ZWTnJWVWgzY21kUFYyOWtjVFEyZGpNeUwwVXJjUzgxU3l0bU1rbGpNVnBJY1hJck5GQTJXV28yT0U1dVMyZFJNak53WkhoU2MzTlBUVkZGV2xSbVpHbGxkelJ3WTBOaVNWbHNNMkV2VEZweVJVdzFUMmRPVVZkNlEzRlJWbUpRWjJ4b1pHTm9kR1Z2UlRoREswNU1VMnhEU2k5cFZtcFpSSEYzVEdOQ1NXYzlQU0lzSW0xaFl5STZJbVl4TVRBNE56SmhZMlExTVRCbE5ERm1OVFF6T1RBNE5EWXhOelUxTlRZNU16aGtNREpoT1RRd1ltUmxNakJoTldVeE5XVmhZMkk1WXpVMU1XTTVZVGtpTENKMFlXY2lPaUlpZlE9PQ==', 1769581664),
('hbacxLQlOwch0UXnXuexIaxrqNUVEnwqJHQtw5hf', NULL, '44.196.29.182', 'Mozilla/5.0 (Windows NT 10.0; Win64; x64) AppleWebKit/537.36 (KHTML, like Gecko) Chrome/140.0.0.0 Safari/537.36', 'ZXlKcGRpSTZJa3BtYkRGRU1VOWxObTlMTnpGcmQzVk1kVmxZYmxFOVBTSXNJblpoYkhWbElqb2liV2Q2UzJsME5uaFhVMGxUVFZKSVVGUjVRelU1YURKV2VIaDNVV2h0UzFwMEwyMUZOaTlJZDJSalVYSnpOVmhXY2xWeVNYTlFlalp5UWs5VmFHcENhMWczVVhKUVJuQjVhV1lyWm5Bek16RjBSRVZKZDFCU2RGSnRRWHB1YURZd2JXUXlhaXRCTUVaVk1DdFpRaTluTmtrd1NqUnRVVEJFTDNSa2NGSnpWVGxtWjNjek5sVXhaVlpUUTFoSWJqSnRUbFpYTjFaR2VVYzNWVVY2TVU5TmJFdEhibTB5TkdJdlRGRnVVbnBwUkhaRU5YcFRSMWhQZFZSamJtbGxiMFl4UWxCeU5GaEZkVEp4Wm5Vd1EzaDNNVVJRV2xwV1pIVlZSREkwZWxSTFdpOXdUVVpxWlV3Mk5YWm9UR04xTjNVeWJXTXdSRWwwVGpkUlRISlphSE0xTjB0a1lVZFNjSFJvV2xKclZqbDRURkl2VkRGalkwUkNNblpFU1hoTU5IRkxXR3RLTm1sd1pqUjFURlI1WnpsRVdTOUdjMkpRYmpaemNUSkdaMEZDVTNNaUxDSnRZV01pT2lJek56VmlOakJqWTJFMU9URXdOalE0TlRFeU9HWTVPRGxqTmpabFpEWTFNemRsTWpBNU56TXpPV1UwTW1FNU9UUTVOakUwWWpGbFl6UXhNMkkyTWpreElpd2lkR0ZuSWpvaUluMD0=', 1769620411),
('HdlCMfLzvKfPFYxPT1d3HUqMaKAVoSG5TBauXFMS', NULL, '14.194.11.238', 'Mozilla/5.0 (Windows NT 10.0; Win64; x64) AppleWebKit/537.36 (KHTML, like Gecko) Chrome/108.0.0.0 Safari/537.36', 'ZXlKcGRpSTZJbVZLYTBreVFWcE5ZbXRGWWs5a2NEWlVhR3RsWjJjOVBTSXNJblpoYkhWbElqb2lUWGRRU0V0cFdXOHJRa1ZWYzFKSVVYbHZWRFl4TWxKb01pc3dTR2hTYWpVclF6TmFiWGRMVjFGaVRFdEhVemxvU0ZGaE1sbG9iVm94V1VSNU4wVnRVa3R3UldWS0wwUkJaR1l5V0d0ellVOUtOM3AzY2xBemExcDBWR2xKUmtvME1tMVVPRXBIYkRKS1EyZFJhVXA1VVZwaVMzZHdZVFZ4ZWs1MU5HOXJWRFpqZHpaTU9UWkNjekZGYkM5RWFGVnpka3N5TTNaNmEyWkdORGhQYjIxbVdGaEZaR2RoUXpKbVZEWkhlRWRqVml0bk1IVlZlRVJ6UzJsQ2VHNHlaVzVNZFVka1J5OWFLek5LV0dGQlluZE5jM28wZEhoeVVqSkJhR0U1ZVM5MmJFVlNSMmhKTldWNFJFVnZOR0ZXWmpsUWVrSXZNSGhYT1VWNVZXOVNjMUJRYjFST01FWndVMEkzUzJwbmRHbHVaVzQxU21OclUxRTlQU0lzSW0xaFl5STZJbVZtTmpNMVlqRTRNVE14WldOak9Ua3hZakU1WTJGaFpqVmxNMll4WVRVMU5qZGtNMlpqWkdRMVlUbGhNelV5TXpnd056bGxNalF4WW1Nd09ESTNNREVpTENKMFlXY2lPaUlpZlE9PQ==', 1769646358),
('hne2YRBzbKg7itmvTTKUFVOiOLSuBSKYuHkfnXlo', NULL, '36.99.136.130', 'Mozilla/5.0 (Windows NT 10.0; Win64; x64) AppleWebKit/537.36 (KHTML, like Gecko) Chrome/92.0.4515.107 Safari/537.36', 'ZXlKcGRpSTZJbTR3WkdWRWNFSkJlak5XWVdkRWNVbDNObTFGYzBFOVBTSXNJblpoYkhWbElqb2lTMGh0TDJkdmNsTkdSMVpUWjBaUVlYWk5PUzkyWVU5TGJVeERhVTlQV1ZCUFIxSkxkRk5QVTNGU2RYZGpaMUIwZEVSb0sxb3lkV3gxWXpsM2NXWmpWMWhxYW5OeGExUk1jbWw1WWpWT1pVSXhWRUYwUm5NdlIwdzBaMHRUV1RadVJVUkZWVWw2V0V4RVdVMXdkbUZJSzJ0b09XSXpOMnMxZWxvcmRHVjZRbTlvY1VONWNFTkhlR1J5TVhCcVZuWkxVVlpHTDNsTVJ6Y3pjM0k1WjJGbFptVlpZVVJuYWt4YVYwUmlOVXhwT0Uwek4yb3JiRTVZVm1aQlJGZ3lXWFpqWmt4WmRWZHNUalEyT1RoWFRHWTNOVUpCWVVZck9EQjJNa1oxZG13eVJsUkRVRWxwWmpCTFVrSktaemRKVEZOS1IzWnFXVE0wUkdKWFFWWkpOVlJpYzJVNFQwSmpkMUpIV0M5eVEySXhWazB5UzBWa1UyYzlQU0lzSW0xaFl5STZJakUzWWpJeFl6TmhPR016TlRJM09UUTBaVGt4WXpVNU1EUTVNamxtWXpOak0yWXhZVEV5WXpjek5tSmxPV0prTkRVMk9XWmhNR1JrTVRRME5UaG1NMklpTENKMFlXY2lPaUlpZlE9PQ==', 1769705152),
('HrAjiFhVELZYdXTTTEMyY8qlYvpiNi4TlWnb5SR6', NULL, '14.194.11.238', 'Mozilla/5.0 (Windows NT 10.0; Win64; x64) AppleWebKit/537.36 (KHTML, like Gecko) Chrome/120.0.0.0 Safari/537.36', 'ZXlKcGRpSTZJbGRDUldOTmNtb3dNbTlpVDBoNGIyNXpXa3hVWkZFOVBTSXNJblpoYkhWbElqb2lhaXNyVmxSaU5uWkNka016UVZwTU5UZFZTWHB5VXpSbGRUbGtObEZxY0dsTGMzZHFlbWN3TkZSc05YRjFaMEZzV2xKWFJXWndOMXBUVmtjMVJUTmFZbVpVUnpOeWIyOTBaV3BCUW5saFVrazBPR2x1U0ZBNU5tMXlhbkF4UW5aRlFXaElhaTh3V0ZkWVdIaDBUVU5xY1RVMWVYbFlSM0pZU1dWUWVtZG5hR0pEYWxkeU5FRnJkRVZrTW1SSWRTc3ZWMkV6VTNvdlFrbzFkVWRGTHpkVlYxQmpSVkEyVlRKT2FEaFJQU0lzSW0xaFl5STZJbVkyTW1JMU5qVTNOR0ptTVRFd09UVTJOMlE0TmpnellXTm1aVGc0TnpOak1tRmtPREEyTm1NeE0ySmpNV1k1WVdNeU1UZzNPVEV3T0RFeE16TTBPV01pTENKMFlXY2lPaUlpZlE9PQ==', 1769646108),
('hrmpCasPQkK8EU5eQfXyNu1xpXg59gXlReOGGIpp', NULL, '44.196.29.182', 'Mozilla/5.0 (X11; Linux x86_64; rv:130.0) Gecko/20100101 Firefox/130.0', 'ZXlKcGRpSTZJbHA0UjBoYVpFczVZbUZDTVdoSWNXTllZWFZEU1djOVBTSXNJblpoYkhWbElqb2liSGRxTmxGQ1pXaENiWEZHU2tKU1VEaExUMVZ0YXpsVFJuZG1XWFZYVWxCR2FrRTBSbmxaTW5CME5VMVhZbUppSzJ0TE5HTm5XV1ZqYjNCbVVUTmpVM0JwV2xWNFRFWXJNVzFJYnpsdk5YaFBOWEJIUXk4elRUUnhVelpIVHpGUlV5dFVWM2xTY2t4eE5FazVSbEpOUTBNNFJrTlNNMmhvY2pGeFdGcFJWbVZVZWxScGVqZ3JhRzlyU0ZsUWRIbG9TVkowY0VaVk1DOUlabUZtT0UxUk55dHRTM013VlUxME5tOU9hR2s1Y2psMFpHdHpMM1J3U25NNWVGbFBabkJ3VTFCTmRVcHBUR1I0T1hScFIwYzRTek14Y1d0bmVIQlFOQzl4ZUVoR1FVeG5hM1p5VURFNE1GVnRZV0pwTjBOdGVUbDNja2RWWjNWdFRrTktRVzF5YmxJeldHdG5OV3BDYWk4d1QyeHNSazEwTDBSQ2JuTk9aWGhaYldKMkwzaHpUV3RFVWtSTmJuWm1SMkpJTUdNM1ZIaERVRWxaZDIwMlZ6RkRXbGRTVEZZaUxDSnRZV01pT2lJeE56ZzJNamMxWkdReU5Ua3pNVEV5WkRWbE5UQXdabU0wWWpVeVlqZzJNRFptTnpRMU1ESTJOVGc1T1RaaU1UVm1PVEE1WTJNeE5HWTNPR1F3T1dGbElpd2lkR0ZuSWpvaUluMD0=', 1769620411),
('HVEarLEY1IHTOPt8uJM62dMlPoWz8gxJlCTniZ1B', NULL, '47.251.89.126', 'Mozilla/5.0 (Windows NT 10.0; Win64; x64) AppleWebKit/537.36 (KHTML, like Gecko) Chrome/121.0.0.0 Safari/537.36', 'ZXlKcGRpSTZJa1ZTUWpCQ2R6VmlLMUZDUkVOU05rczFOek5xTlVFOVBTSXNJblpoYkhWbElqb2lNSGd3T0hSS00wRkdVWEF5ZUZkNlNYWlZUakYwVFVkNFZXOW9kV2hyTmtKNmEzUlJUbmQ1UVhObmJGWkVjV05ZTTJKVlJETjVRVTFLWkhsV0swaEtZMHhQUVhscFFUY3pMM2xuTVdwNWRVRXZhbmhDTjNKaUwyWjFSRFpwT1RKbGRVNXRkMUpPZW5oYU4zTm1kMVpwVkZOaGJtZHpXREZxYzFsb1FuUlFVakJ3WjBKdGRYWlRTelp5UWxCbWRuRlJVV1ZVV1VsS05rVktXV2R1ZWtOcVFYRndVWEZ6YlhoME1HZElUbUZvVDBkT09Dc3ZUbk5wYjBkd05sZE5hbVF5WTBaTk5IVTNNVkI0Y25sakwwUjFTRzkwZHpodmVqSmlNWEZ2YURSYWJIQXZiM0ZqYkRJeVZteDBhalF4UjI5NVNIWnJRVWxVUVhWbVVIZE5RM2xGYkZGR01uWnZibGh5ZGxVd1QxSnFTMmhDTkVkME5uYzlQU0lzSW0xaFl5STZJbVptTm1WbE5qYzVaRGd5TVRreU9UZ3lOREF6WkdJM1pEQmtNMlV3WVRrMVpHRmpaamMyT1RCa1lqSmhZMlZqWWpGa05UTTNNVFJqTVdOak1EWXdaV0lpTENKMFlXY2lPaUlpZlE9PQ==', 1769596287),
('hz4hE14QmJzgLerPXMDQndnRSkyjVcsUl1vzOP6C', NULL, '100.30.214.5', 'Mozilla/5.0 (iPhone; CPU iPhone OS 12_2 like Mac OS X) AppleWebKit/605.1.15 (KHTML, like Gecko) Mobile/15E148', 'ZXlKcGRpSTZJbEJ1ZEZCdmVXSnhkVlJxUzJkdGJHUm5UbXh1UVhjOVBTSXNJblpoYkhWbElqb2lUWE51SzFsSFpFOUhUMnQxUm01UlRqTk9WMk4xYjB0dlIxUkNSSFJFZFZKdk9VZGFWVVp0WlUxMWNtTndiRVUzVFVzdlFXTnlSRUpSTlRKbFlXRjZVVzFDT1hWUmJIUlNhakYwWW1oNGFsazVZblpvY3k5akswVlBha2swYTA5VWQyVmtTV3RTTml0NlpYZE1hMkpWVkVoeVIyVTVjbk5zYUVRclEyVnBabmhpVVd4aFJGVk5kbll6ZDJ4UWQwdzFZekUwUnpsbGRsSnJWVXBCTVZScGREaGtOelJSUkRGTlMwMDFUR2hXYUdGVU5GTktiaXQ2ZEZadE9GVXJVWFJQU1VSM04zUlRZbkpDTlZnclV6ZzFaRVpTU0d4VFFtRmxORTgwVVVOVGVYa3lRamhNTUhVelRUaE9kM1ZPY1c1bGVYTlNhVFpyWmxwVFNucGtWMk5HVjBzNFNrSjNaM042ZFV4MlUwSlRRa0ZWTmpabWFuYzlQU0lzSW0xaFl5STZJamt5TWpFek9UZGtOVE0zTURaaU5qY3dOV0UyTnpsaU9UbG1PVEF6TWpZd01UY3lNVGcyTUdabE5HWXlNRGxrT1RsaU5ESXhNelU1T0RnNE16VmhNVEVpTENKMFlXY2lPaUlpZlE9PQ==', 1769572637),
('hzTa2EHnC8zaZsreNMcLZMWJymAA6LV8m4S71EMg', NULL, '165.154.182.174', 'Mozilla/5.0 (Windows NT 7_2_2; Win64; x64) AppleWebKit/600.47 (KHTML, like Gecko) Chrome/77.0.1543 Safari/537.36', 'ZXlKcGRpSTZJazVuWmxSUlVsTkVaa3hRWkRSNllrVjRhM0JxVGtFOVBTSXNJblpoYkhWbElqb2lPRkF2VEM5cWFHcEJhWEZUU2pGdFpIVmlhVFJhWVRSUFMybEZUbkJZTTNoWk5tRTBjbWhaY1ZnME1WSjNUa3BVTlVJMVYybGlVakJ5U1djMlZWQjJXSGRaVlhwalRsaE5WV3hpTkZod1ZWaHZlbHB3VFZsR2RuVllhR0ZaZVdreWNtcEJMek00ZWxGeFZtUTJiSFowSzJoSlYzSlVPV0ZEVlV4RldEZzFWVkZ4TTFGcmJHMTRlaXRUV1dwUGJqTllObEJZUkVvNGNWaHBaVmx4YVd0aFdtRmtSVkZHZWpkT01USkZkRUpEVml0RGNESTNZbFpVTkhoTGREQm1RVEptV1M5cU9YRkdXVUpPVjNwS0wzQTRVVFppYVdOUVdrcDZPQ3RpYkhwMk5HY3lRWGxIUTBFMUsxSXlXVnBUUnpSSWVYQkhkbkFyVVZnelQxZEVkR2RDU0dZNFV6Sm5SM2t2VDJSMGEwUkNNa1kwYzJwbFNuYzlQU0lzSW0xaFl5STZJbUZoWm1FMVptSmxNVEU1WlRZd01ESTBOVGRqWmprd05EUTVNVFE0TURJeFpUUTBOemRqTUdSaVpUQmpOVGN3T1dGaFpqVXpaVFZtWVdSaFpEUXdPVGtpTENKMFlXY2lPaUlpZlE9PQ==', 1769688325),
('hztajsWZsqlI3h5ks7VGa9rNu9jzhF7vtJNbSsUx', NULL, '8.211.199.63', 'Go-http-client/1.1', 'ZXlKcGRpSTZJbG8zZDFNek1WWmtTVmxCVldrd1FsQkhSRGhEUWxFOVBTSXNJblpoYkhWbElqb2lZVEV3VDFCbldDdGFVbkppUjJ0dFpXSk5VMUphY0ZONVpIRnlObEI0Y1N0UWEwSlVPVVkxUmpNMVRGSkhRVEI0VjFOSVIxTlhRakJYSzNKQmFVOTFhVmxqZW5SU1Vrc3haWEI0WjA5TVYweEpPSFZMWmxWVFVHSnhaR3h3VHpCNlF5OUpNbGROYms1VlRFNXVObGxaWkhnMWNWRmxObUYzUTNwblRHbFFVRkI2VFdFMVNrMXliVFJYVjAxMlozbFBXRU5SUldkMGVFZGFZM0J2Y1RGMGQxbENkMU5TZWxodmNXNTRlbFJPUjFkSmRERmhaa0ZES3pSdVNVUXJMMlpJZDI1b1VXZFhZamxXVld4elowOWlkemt3VUZReGNqVnBWMEkxSzFaU09VZGpUMFZJYmtWTFozcDJSMjVRVlZWcGFFaHFVMUZQWTA1dlJVdERaVWhGU1d4TlJHUnpRbklyZGxaRGFVbzJVbWhLTWpBeWQzYzlQU0lzSW0xaFl5STZJams0WldZM01tUXhOR1psTWpjMk1qSTROV0kzWVdKaU16TTVNemczT1RWaU1EQXhOMlpsTW1Wall6SmlPREEyWmpGa05tUmpPVFU1TURkbFpEaGlOR1VpTENKMFlXY2lPaUlpZlE9PQ==', 1769579955),
('i46mn8WgYoII7g6GVjSedQBQtkN9dFvraqzikXTQ', NULL, '138.197.190.102', 'Mozilla/5.0 (X11; Linux x86_64) AppleWebKit/537.36 (KHTML, like Gecko) Chrome/142.0.0.0 Safari/537.36', 'ZXlKcGRpSTZJbmhuTW5CUWVXdGpURzVSZGxwWGMySnFVM0pwYWxFOVBTSXNJblpoYkhWbElqb2laakpXTkhCbmRGb3lja0oxWldGTVEzWlRNVU5QV21SeE1uaGhabEE0ZVhJeVRHdDZOamw1SzFST1RYZGFjM2R6TmpKRWVERlBaMGw1YnpVM1lqVlZPRU41TkV4MmMxSkZZME5aYWpWUGFtb3lZa051WVVGSlNHaEpOVGx6TVZOS2MxbzFRbGxMVlZOUlVEaHlURUpOUkRWdU5YRjVTa2RrWTBVd01FMTRiRkE1Tnl0SVprTjBZbGcxV1N0UllVUkVRVXhRZVhab01VTnlkV3d6TDNBeE1sZzFRMGN3Y1dZdmFVeHFWekJOVkVKbmVWTnRaekpVTmtOdU5rcExiMFZVYVhndmNXMTBhbWRtYWtSRVIxcEdZMUJYVlZGT2MycDNjamxSTTJZcmVuTTFNMlp2VmtFMlNFa3JWaXRHVGxWWFRYZG9UMFozV1d3dlRUTkRTV1J3VmpoR1ZIVlRTVzFUYTIxTkwyZFFlRTE0Y3pCUkszVTNSRmRsU1dwTlMxSk5WbUpXTlV0eWVUaDZWV0pxUWpKYVNHSk9kM2RJZUU4MGF5dGFhRmwyYzBVaUxDSnRZV01pT2lJeU9HSTNNamRrWW1Wa1pqTm1NVFl5WmpObE1ERXdZV0l5TXpjMU16RmlZemt5Tm1NME1EUTRZVEJpWVdVeE5tUmhNR0kwTVRZMk9UZzFOMll6TURBeklpd2lkR0ZuSWpvaUluMD0=', 1769590004),
('iCv9uXUbOQXuXSvUiZ4fcisXGnro1ObugRMDrhnE', NULL, '103.210.22.74', 'Mozilla/5.0 (X11; Linux x86_64) AppleWebKit/592.50 (KHTML, like Gecko) Chrome/82.0.1306 Safari/537.36', 'ZXlKcGRpSTZJbkpGVjBwS1VqbHJkM0pLWnpsNmFGQm5lU3RyU21jOVBTSXNJblpoYkhWbElqb2ljM2szTldjM1RIcFhPVTR3YnpGelZHSkZZWHBPVm1kamJEWmhZVlp3VFhVd1QzaE1ZME5CSzB4RU9XNVViMDlIU1hveWRXVnlLMkZEWlhOaFJEZGtXa1p0Y2t0TFdUbFpNRzlKSzFsNU1XMTJZV2s0Y1hod2RWaFBiak5xU0c1aVlsVnZOMUYzZEdoWmREQkdOV1ZQYjNWdmVXUnRkME16Y2sweWNrVlZSa0Y2UTNWTk9XZHpiazUxTjFGb1ZpdFBTbHAwVDBwNkx6WlhkakpKYkRaVVExQXdRbHBHYm1KUk5pc3JMekZLT0RWTFVYRkhTR0pQY0dSc05FVmtVREF5WmtRMlNYRlVjbEpCT1RsSFJVMTZZa1psYlZkTVNtMDBjM0k1YkhScE0zcFNZbWR5WVVaV1FpOUNkMjk2Y1RoMWFtaGtibnAzYlU5V1FXZzBWbUUwV2pReE16RldiVmRpV1VVMkwwRmpkRkJvV1c1UVVsRTlQU0lzSW0xaFl5STZJalEwWldWbU9UY3hZV0prWm1GbE4yRTRZVFl5WWpGbVpUWmlNRFl3T0RObE5qRm1NRFl5WTJabE5XRTRNbVUyWmpBME5qVXlOREUzTnpjelpUVTNNMklpTENKMFlXY2lPaUlpZlE9PQ==', 1769600134),
('ieUlBijpnLjil0PV5LPqTaX82X9kB290BikPsV6V', NULL, '54.162.31.194', 'Mozilla/5.0 (Windows NT 10.0; Win64; x64) AppleWebKit/537.36 (KHTML, like Gecko) Chrome/135.0.0.0 Safari/537.36', 'ZXlKcGRpSTZJa0poU0dwamJscDViVUVyWlVOcGRtWTJUMU5GU21jOVBTSXNJblpoYkhWbElqb2lNRmR5VXpCMFZFUnpaRzFGV1dsR1VHNXNOblJqYlVkdmVEQnBlblJVUWtKU1NtdEZUemRsTjJaR2REUmliRkJCYlRKVVNFeFlkMkkxTjA5dVoyNWplU3RWV0hORVpFWnZSRVZXTlVsdk5VdHpObW8wYkZWMVl6aEtaV28wTDIxTmNWaG9LMWxXUlU5cGQzQXpTMUF2ZEZObWFGZFdORUpJU1hGcWVsRnFaWGhxZW5wd2NrUldNMlIyVW5oSlFYSkxURVpZTVRWVmJrOTBaMmwxYURkMlJtNUdWRlJ1U2tWVmRteEhhRE5LVUZsdVFtNVdaRXcyTUVJd2RtTnJkMFJ3T1hwQkwyVXhXbWxZVFZoYWFEbHFZWFJFWnpoelpVdHNibGQzU1ZGa0szSmtVaTlJTWtkRWEwbGhZV3hQU0UwMVZGRmllR0k1YWt4VFVYQTRWblJVV2toaFFXbGhSRFZOV1dGSFlqVk9UWE42WkdKalpFRTlQU0lzSW0xaFl5STZJamszTkRNMFpEbGhabVV3WW1JM01UWXpOR1JtWVdNd1lXWmlZekUyWmpBeFpqUTRORE0yTkRVMFpEVmpZbUZqWlRaa04ySmpNMkkzWTJWbE1qVXpPV0VpTENKMFlXY2lPaUlpZlE9PQ==', 1769591010),
('IhlZX32kbXWsglS4M14ms6ACd2LzJ15O6Oz8aJcN', NULL, '59.14.17.48', 'Mozilla/5.0 (Linux; Android 9; Mi A2 Lite) AppleWebKit/537.36 (KHTML, like Gecko) Chrome/80.0.3987.132', 'ZXlKcGRpSTZJa1phTVVwVk4xQjNlVEZsT1M4NE9VSnJUa3hsVjBFOVBTSXNJblpoYkhWbElqb2lWbWg0UXpkWFNqWk1hbk1yYUhOdVVtRnFTME50YTA1eVluWnhlalZrV21NeVpVUTJhbTlUYnpack9WSnBNblkzVTAxNFVpdEVjREpCYUN0TVNUQlJZMlY0Vmk5NE5GTkJhVVZuVWpGcU5ucGFUbFZUUzBkTk5HbHpSWE5NSzFoMWEwMXRhV2hLWnpCNmRWVlNTbk5XYjFGdWMyZHpTbk5RTmxONFpFWnRlRzFQY1RKRVVqVnVOVmxKYlVORmRtbHpjMEZZYUhaREwwOUZSbnBZUkRZeFRWaHRVV3BGWWt0Q1JVcEZlVGd6ZGtrMVptaHVSRkpVVjJSNFVIaGxkbGw1ZVZrMFJEZGhjRWhqV2s5b2JETjBURFZ0VWk5bGVVNDFkR3QzU2tkd1ZVSklURU5vT1VOcVNVVjVlblZpY210WU1HRjNiblF3WlZWRU9WbHRhbUZ5U2pWdVdYTTFSalZsVlRZMlN6VTBlV2hrTkhacE4xRTlQU0lzSW0xaFl5STZJall6WXpVMk4ySmtOVEZoT1dReE9UWXdaV0kwTUdZNFlUZzBOamxsWVdOak1HUTRNVFJoTTJRMVptWmhaVFF4Tm1OaE1HSTJNakpqTURKalpEVTJaVEFpTENKMFlXY2lPaUlpZlE9PQ==', 1769573273),
('IjUMlJWpEUJKeQrTWJ9fRvx7dPQZvGqP30mIPebq', NULL, '185.177.72.38', 'curl/8.7.1', 'ZXlKcGRpSTZJa2hzZGpOYU5VMDJRbk5XVWxJMmNYSlBWMVExWlZFOVBTSXNJblpoYkhWbElqb2lXWFZxTjB4MGJrZEhOeTgxV25CYVNtVkhUbmhHWTB0MllWSTRkMjloWldveU5IcGxTRGR4YTFobVV6UTFabEpXUTFVeGJtSXZiMjVFYlUxRFMzSndTRTVuZFdKMWRtZzVaR1ZGWWxobWRXeHhUbUUxTUhWMU5VNHZNbXc0VnpZeVRIZ3Zia3hqY21oVWJXUlBWM1lyZFdSclVYSmFaSGcyV1dwQlFteEdjV1JqT1ZKYVZVMHdTMGRWYzFBdlozcFNRMGxWWldKeWJVY3pSbTFtUjBoT1oyMXRVbEp1WlZKcU9FTmhSSEZ6TTNrck1qZGtObk5YUVhOMk9FdEtjMjEwYld0a2FsVldNRkJRTjJOM1F6Y3JUMFl3VFdoNWJ6Vk9jRk01ZEZWNmVIUTVXakJsZWt4cFVpc3lNVGd3WWpVNFJFaE5kRU5pWTBJclZISXlZWEJKTDJkVFNHcERjbFE1TUhaaVFXSm9PRGx0WXpKa1RuYzlQU0lzSW0xaFl5STZJbVF5TXpKbU16Qmtaak15Tm1abU9HUXpOVFV4TXpZM1ptVTRNamN4TlRjME5tTm1NMkptT1dReFlURmpPVE5pWW1NeE9USmlZbU5tWmpWbFpESXhORGNpTENKMFlXY2lPaUlpZlE9PQ==', 1769734331),
('iPKmUR18sChj2MN68hZpeHSvDM6sFcQrbDIDfNeu', NULL, '42.240.130.62', 'Mozilla/5.0 (Windows NT 6.1) AppleWebKit/537.36 (KHTML, like Gecko) Chrome/49.0.2623.112 Safari/537.36', 'ZXlKcGRpSTZJbGhJTlZWQ2VHZFpNR2hJVFRWTk1VRXZjRzlaWVZFOVBTSXNJblpoYkhWbElqb2lZbUpHUzJWT1JFTkdUR0ZOWkhkb1UybFdObkphTUhKbGJVSkZjRTFGTlhwa1pXVkpVblpFVTJWbVRYUjBZM0pSYkZsMlFtbzNiazEzYXpONU0yeEdZVTVqUVVKMFMwRjJlbTh5TVdWTVEwUk9WamwwT0VzNU4wZFdUVE0zZDJ4d1ZrVjRTMVp1ZUc5aFExaDFkVGhoU1VOVVZYZDNLMUZwT0VsMGVHbEVZMGRKV2xST05HdzNjRk5TUVRoMFpuQkljbE41WlRaYWVHeFdPWEJHT0RadVVtUjVhWGhOWWl0VlIwVlFjVWRqVTNSS01YTkJhelYxTTFoTGRYY3ljVzFWVWpGV1RGbEJSU3RXVFcxM1QwVlRZMkZUZFVKeVVVbEphWG81VGs1WFQzVnJRVE5sY2tkTlpVdENORWRWU0c5NlluVjRaV2hIVFc1cVMwVnhXVmRUWkdSMVFtVXlNa3R0Ymt4cGFWVnlVRlJPVldzeVNXYzlQU0lzSW0xaFl5STZJalUwTURNMU1UZzRaVE0xTW1JelpqWTNNekF4TnpJNE5qVTJOV0psTkdJMVkyRmxNakk0TnpWbFlXSmpPR1V6TnpVeFpESTFPV1UwWlRRd1pHTTRPR0VpTENKMFlXY2lPaUlpZlE9PQ==', 1769600803),
('j84e3nVqS5U75aBDkJR4R9MBgQxjZQFO2UBB3QWL', NULL, '139.59.18.25', 'Mozilla/5.0 (X11; Linux x86_64) AppleWebKit/537.36 (KHTML, like Gecko) Chrome/142.0.0.0 Safari/537.36', 'ZXlKcGRpSTZJbkJsZDJWRlYycFZOM0ZtTVhVMVpWTk9jRkZzUVhjOVBTSXNJblpoYkhWbElqb2lXa1JOSzJKWWMyeFdia0p0VVhOS2MwTk1LelV6Y2pRMmNrVjVaRzlSYjJWbmMydHVTbGh1YlV0MVoyd3JNamd3YzA1bGJIUlVabVE1YVhOSlJXRlNZWFZTYUd4S2JWbERVVzlFTm14Q1pFNDRUaTgzVURCS1JXMHhXREJVVG14WE9VNDBWRTExYkZSdE5VOXNiek16UzJ4SlQyYzVPRzlCZHpOM05uQm5ibEY0T0NzMmNUQjRVR3RGUVZSdmVHOHhPRUVyVFZsa1RYRm5hMHh6TmxkeFVscENVRU5SZW5jeU5sVjBhMkZqYlVneWFqUjJOM0pCWVdwWFVtYzVSelZUZGtoNFNYZFJRV2hCUlU1V1ZsbHpWWGxTUkVabmVXNURaRlUzT1RkaU9IRk5abFptVW1KRFpuWkRNSGQzTnl0aWRqTkpNMDB3YzBnd01EQTRUelUzUlc1VWVEQnZNMmx6TW5OVlpsQnJNWGhGWW1vNVUyRkhOVlJSWjFwYU1UUlZSa1ZQV1hkbGIzb3pibnBDZEhaVFIwRlNObU5sUWxadldraEdWR3B2UTFvaUxDSnRZV01pT2lJeU1tUTNNVGt4WXpoa09UVTNOakJqTnpBNU4yUTRaamszTkdFelpUQmtPVGczWmpVMFkySmxZemd3Tnpaak1XUTVZekkxTURRM05qUXdOVEE0TkRReklpd2lkR0ZuSWpvaUluMD0=', 1769592951),
('jdoTe3JRDU0rNBvGlICADPxt7AD5OgAe0XKPbeQa', NULL, '93.158.91.253', 'Mozilla/5.0 (iPhone; CPU iPhone OS 17_1_2 like Mac OS X) AppleWebKit/605.1.15 (KHTML, like Gecko) Version/17.1.2 Mobile/15E148 Safari/604', 'ZXlKcGRpSTZJamQ0TVV0R1UwUkpWMjlaS3pCSVdXeGtXRTlRV1ZFOVBTSXNJblpoYkhWbElqb2lWVkZJWkhkU05ISnlPRzlHUTNSMk5YaElNWGhLTVUxSE5XSkRVelU0WWxsbGVHOW1NbU5NYTBGRmFtNURLMnhaUWsxclozSk5SVUZqY0RsWlRuWlFVbFIzV1daalZWZGFNREZNYTFrNGJFY3lOVXRrTUZKYVowVnFhMEo0WW1SM01HeEVORWxITnpORmVuaFNlV3d4WTNkc1Z6TktWRzkxTjBsd2FsWXdSM3BUTVhOUE4yWktRemd2UTNaSlduWjFiVmgwY1dka1lWUjFSSFZHVlhGS2IxRmpXa0U0WTNoM2JFdFdhMjU1YjFSNVEybHRVa0o0Y0c5cVpUZDNValIxYUdFM05raGpUVE5yYkdSSmExUTNUR00xTVVGb2NqSkJLMUJTYzNscGJuUlpRMmRuS3pnNVRYRjZiRmx1TlZobGFpdENXR1ZSWkRaNk1HMVRLeXRTV0VWeFVYZEdWVmRhY3pBMldsaFNLM2hhYWtsUWNtYzlQU0lzSW0xaFl5STZJbU0wWVRBeU5UZzVPRE14WkRVNU0ySXpOek0yT0RsaU1EbG1ZakJpWTJVM1l6Z3daV0V4WXpZMk1URmhOakJrWkdVeVpqWTRaalF6TlRrMU1UTXhaV01pTENKMFlXY2lPaUlpZlE9PQ==', 1769569132),
('jDrsl7P82B8VbTcJyQLCwoxAchMpwBU4821S0ibm', NULL, '185.177.72.38', 'curl/8.7.1', 'ZXlKcGRpSTZJakp1ZG1SR1RtTnVSRFZMYTNoUVIyOU5NMVF4VGxFOVBTSXNJblpoYkhWbElqb2laSGx6TUN0TWFuSTVVM0ZLZVRKQ2JUVldTR1pPZW1ONVpWbFBVMk5GYm05R1RWWmFMMDVqV0dSWkwxRm1aMDFpYkZoRWVrcFNlVTg1VUhCeFRYQXZUMFZXV21Ob01EQlZjelpNTWxaNU4yeFNaMnRXUldoMVduQTVlbmRUYVVobWFFdEdlVUpWV1ZaT2FuSllTMWx2UWxONGVtUXdSMmgxYlV4SlJFMU9WMGt6VkRWSGNrMW9TMEZ0YVdsVE0zTlFOMnRNU0d4MVFuQnpWV3BKYmxwbVNFZEJURFJvVWt0R2NVRlBibEYyZWpkWVdGTm1SMkZtWkVsYVYwdDVlRmxOYTIxUVFqVkVVVXBVWXpkTlNsVnVZa0Z1WjJWbWRHcHBlVE5qTmt4eGNqZzRSM0ZoVDAxTVZVWmllVFZzZVU1MmFYWkRLMXBCWW1zMlpGZ3lkSHB6YjNCU2VGWTJRVEpyTUZGMFQycFNVR0pLTm5CRmEybFljRnBYZURKYVlteFdXVmhMUnk4NU5WWjZhRUU5SWl3aWJXRmpJam9pWm1JMVpUaGxOR0l4WlRReE1XUTBNelEzWVdaaFptVTBORE5oTkRkbFpURXdNMlpsTkRFeE5UTm1aVEEyWTJGbFlqWTFPRFl6Tm1JNU1EYzRZalV3TXlJc0luUmhaeUk2SWlKOQ==', 1769734340),
('JoJyZlUxQsZE9t0QoMyUMBOcYxZOKR9Tp2Hs0rlE', NULL, '59.14.17.48', 'Mozilla/5.0 (Linux; Android 9; Mi A2 Lite) AppleWebKit/537.36 (KHTML, like Gecko) Chrome/80.0.3987.132', 'ZXlKcGRpSTZJbVJtYzB4MmRGUkJNRVJPVlZOUk56TlFhbUZIWW5jOVBTSXNJblpoYkhWbElqb2lVMWxDYTNKSU1IUmhjMEpYVlZKaGFXRjNVRTV5YkRsaGJuRTVkVlIxYjBwcU4xWnphM1ZITkdJeGJsY3hRbGszYjB4YVYyVklZbEJ3UkdsbE5VOU5Va2RHUXk4eGFXdzRlUzlQUjJScWQyVTNVVVp4VWtkQlJtVXlOekJ0VEVoUGJrUjJia2x2ZG1kMlIyWXlMMnhXV0ZkbFpETkdkMHR4T0hSM2RtSkNVVzlvTnpsMFdubFFOREpKTUhNM2NtWXpOazl1UzJ4Q1YwTjBOemx2TURGNGVGSk5WVzgzWVROTU1ETkVia1p2ZVVjMmNVTkVjbnBYTDFKUWRHNXNSVmN6ZWpsWWRDc3JWSEZQYldOcmNtZHBRamhCZDJSdFFuUXhTbkJQTXpkaFUwWmpNVU5xU2xGcEswdDJPRWRzWWxwSEszSXplSGxZT0ZoUVdYVnBjRWxHVDB0aFNuZEVabHBvUkVkcWRuWTFZMnB5UW5VMWFVRTlQU0lzSW0xaFl5STZJalkzTURBMU0yWXpPR0kxT1dRd1ptUTNNR0ZqWkdRek5ESmtPVFprWVRreFlUVmhZak14WldZMk1tTmtOR1ZqWXpNNE4yUTFNVGt3WVdRMFpHWTFPRFVpTENKMFlXY2lPaUlpZlE9PQ==', 1769573275),
('JxFpP0uExp8ecEcSuzpMiQn3XSpbh1ZQ2yJ0LkJd', NULL, '34.147.88.45', 'Scrapy/2.13.4 (+https://scrapy.org)', 'ZXlKcGRpSTZJbkYzY205dFQwSllWRlZOUkVnMU9UQnNaVVJ4ZUhjOVBTSXNJblpoYkhWbElqb2lhVTFOTVRoelRtUjJXbkZMY21sNGNqZElaaXRoUTBjdlZUSjVVM0kzVm5oMk9XeE1ibk5qVUhORGFVVm5jSFJ3YkhSelNtdEphVzQ0UjBzeFZtZFllbXM1YjJoVGNraFRlVXhwZURsc04ybEhTVEI2T1RCNmRtSk5WMGwwY2pjMWJXTXhPV2cwWm1GMmFGQmxlbWR6V0RaMFYyUmhha05tZUhKbVFsRnZTWEpMVTJ0UGNUSlhSRGxLYUZadWVFOXdRM0Z5U0VOWVdraDVhems1WVUxalJHcDRhbHBVV1dVcmNrMXBibkIwYURKTlJVdEhNbWt3UVRoUWNFZzBZMHRsVGpGaVNrMW5UVUZsVkVwTFowdFJWRlZtY2pRMGVFaGxlR05qVnpoemVUWlVWR1JIVEc5c2VWQmlPRTFHU0ZkS1ppdHpOWFJQY21oTE1uQjVaMVJoT0VaVGVqZHNXVVJKVGtSSVNVZFhNVXc1TVRseU5WRTlQU0lzSW0xaFl5STZJamN3T1RjeFltRXhOMkUyWlRRNE5qWmhZMkppWlRBNE5XRmxOelV3WlROaE5XSmxNbU16WWpCa1lUa3hNMll5TnprME1HVTFPV05oT1RWbFpUZzVNVE1pTENKMFlXY2lPaUlpZlE9PQ==', 1769701312),
('kLtICcfRPanEUk6m7RJcI5ImxdK1Nsn6k2HuLpku', NULL, '42.240.130.180', 'Mozilla/5.0 (Windows NT 6.1) AppleWebKit/537.36 (KHTML, like Gecko) Chrome/49.0.2623.112 Safari/537.36', 'ZXlKcGRpSTZJbmwxSzNWWU1WbGxMMkphZVRsWFJVcHRkVUl2TUZFOVBTSXNJblpoYkhWbElqb2liSEJYYm1aUFkzcG9TMHRwZWxGTll5OW9TbVZpVG1vemFVWkpXRGMwYVhoNlMzWndSM1pNTlZWRVRrUkVRUzh5YUd0T2FpOU1OeTlzZGs1RGRGQmFZVGxhYTFsSVEyWk9jaTlHTkVOcE5EbG9TV1phYjNaSFlpdGlRVmRSWjJkRWRrUlRkR2tyTUV0VlNrcFhSMWhaVFc4d1RWaHBXRGczYVcxSWMwVmhhbXc0TkVnemJsZGxlVlpqZFRWc1dVSmpPV0ZKVkdsR2NrRnBWVXRQZFhkUlZYVm9kVll4U2pnMFlVcFRaSGRYWkcxc1JrbDVha2hYVEdoelNYRkpTWGxrY2tzNWFrRjBhbUoxY3k5dVNsWkhVSHBJYnpoNGNVeDRkVlUyVkRJMlZGQjRkeXQwV2pNdmFUWkhSR2xFVkdKRVRXb3diVkl5WVVGSlJWQlhkR1p6YjFwRU1FNTVNWFY2VEdaWFVHaG9Ua05tVDJaWmFuYzlQU0lzSW0xaFl5STZJakptTldZNU5USXhaRGRtTm1VNVkyUTBORFV6WkRNeFpEZzNNR1poTVRJNVlUQTRORGN5TlRsaE5qTXlZekU1TjJNd09UVTFOalpoWVRrM1pXRXlaRFlpTENKMFlXY2lPaUlpZlE9PQ==', 1769600807),
('Kpfcl10bJIy5PAffA3rUg6bxCqEFZCC6WTxpetAt', NULL, '113.31.186.146', 'Dalvik/2.1.0 (Linux; U; Android 9.0; ZTE BA520 Build/MRA58K)', 'ZXlKcGRpSTZJa2d2V20xNVJYRnpOVVJqUTFwa1NIRnFWVTFDVjFFOVBTSXNJblpoYkhWbElqb2lRbms0YkhOb1kxRlhaek5aU0dsM1FYWnZiRFpsUWxjelZYSXlNVXBhVlhkS1JtRXdZM1pYTkdKMGQwZEthR1JJTldSall5dElaRzFPTUZkTlpIVjBTVUZ0VDBWdFREWkthWEJ3WjJ4bWVVUktLelZ6Y0hJd2VucGFURzU1VkRkbVF6QmpNRGQ2UldOMUt6TnFNR3RrV1NzMllUVnhNVkJITDNaWlF6Z3JORkZGVTJVNGVXUkhZMndyVERkU1ZDczVNMnBtWXpFNE1uVlhaR2RqSzBGMFZHc3ZjbEV6VFZOUVZUWlhiMEZETVhncmRIWlhTVkJzWkhoTFpWSkRWMkZ5S3pCM1drVmxURlZXUjNwNVVWUjNTRzFIY0ZScU1HbGpkVkpJV1hwM05raFNUSEZpY0RSRE0wWTVUamR0VVdWeE5YRlNOR0k0ZEhobVYyNVFkbkp1WTFab1lYTlZWVE5PT1VFM1ZIWmhVbkpoYW1oWWFtYzlQU0lzSW0xaFl5STZJak0zWlRJNU16VmhZemt4TlRZNE1USXdaRGc0TjJNME5UUTVaRFE0TURJMU9HWXlORGN4WWpNNE5UVmlNbVkxTjJRd01HUTRaVFV4WWpVek9HVTJPV1FpTENKMFlXY2lPaUlpZlE9PQ==', 1769643458),
('Kyl7oZEI1Og8SMVMHCBUZmBRmB42kIT5hXClmGhd', NULL, '34.58.10.148', 'Mozilla/5.0 (compatible; CMS-Checker/1.0; +https://example.com)', 'ZXlKcGRpSTZJa2x0ZG10SFNITjRhekJCVWxZeGN6Y3ZZVkZ3Y21jOVBTSXNJblpoYkhWbElqb2lhbTFHWTFOa01HMTVZbWd3WVZwUFF6Unhkbmg0U1cxMVNIRm5NSEp0UzBWT05HMHdTVzlhTVZKdVNHWnFjRTh3VWxKUU5FUnlVMmx3ZGpGcmJGUlhNa05HU0hWc09FaFZTVGQwVkVoTVVrZ3hkVE54TVdabUsySmlZa2t5Wm1kS1owRnRZV3RYVkRSVWFtWlFPVGxHTDJGaVJIaFVWRkpyTkVwRFEwMXdaek4wY1hCeE9HZHViMnRoUVhCNFRFcElWRk5OTW5aQlRVaFpUMHhuYzFNeVkwNUVUSFJoYzI1QmJIa3pMMjFEZG5kT1VsbGxSVmhCV0dob01tRklZekZrZUdwV2NXNVBNMlEyUW5JMVdEbHROSGR4Vms1eGRYTkVlSFZZTmtSdmRFdFdXV2wxU1U5TVpqaDFlVFZMY0N0MVVHWnNNMFJNYzBwd1UxUTBjVGhSTW01MVlsZEdNVVpRVkUxNU1tTlpSVFp2V210V09XYzlQU0lzSW0xaFl5STZJalpsWTJKaE5qSXlaRFF3TlRFd05qVmlOalF5TURZNU16Sm1aVGMzTXpnek1XUXpZVFk0WlRka1pEYzNNamhqTWpSa00yUXhNekF4TkRBM1pqRTJOallpTENKMFlXY2lPaUlpZlE9PQ==', 1769697896),
('L1Ad25B3Ub5iKac9iNLM03ybrHjDGdobYmBljSqW', NULL, '139.59.18.25', 'Mozilla/5.0 (X11; Linux x86_64; rv:142.0) Gecko/20100101 Firefox/142.0', 'ZXlKcGRpSTZJbEZQVTNSclVsRTFaMEZDZG1RNFZUaGFXa281TDFFOVBTSXNJblpoYkhWbElqb2lTRlZYVUZBeVJGbFNUMU41YVdWVU9ITXpNSGhTT0hGdVV6SkRhWGt3Y1hGU09UZzNXVkoyZGpoVlUzWmFRWGt4ZERoMWIzbGxTVFYyUVdnclR6bExhekZCWkdaeFkzcDZkMGwxY0N0WVRGaEJkVmRrYkVodE9EaHRhVVo2UWpOdU5tTlhjbkJZV0c1TldEQTBVVXhQZVhCYVRYbHljWE41VDBsS05rSXdTWFkzVWs1eE0yVjNlak12YTA1WE1uZGxOR1U0Y0d4a2NHNVdOVFI0UTNGSWIzcHlNVGhNTVdGamRsRklhUzlyTnpOSGRXRkljMEpCVFVkTFZ5OUNaRzF6V0dOMFUwZHJibEZXTUVzMlNIZHNWVTFaYTFsVVZWRkthVmhDSzNKdGNtVmFVMU0wTjNWSGRGSkNWM0IzU2paeFlXZERaRE5ZTWxCSU1YWTVXbnB1ZDB0RVRHUlhjREI2ZW5ReVUwVkRWV016WVdZNFRuUTJORGcxWVRKNUwxWkZiazR4VTJWb01IQndNV012WTA0emQxZG5iVEZ1UlhSbWVHUXJXVWsxZHpNaUxDSnRZV01pT2lKa05UWmhNMkkzTUdRME9HVmhaR0psTURWaE9XRmtORGszWTJGaE9UWmtNMlJrTjJReE9URmhNekJrTkRNMllqUXlNemsyWVRSbE4yTXhOMkV4TXpOaElpd2lkR0ZuSWpvaUluMD0=', 1769592950),
('LCbQtKPuYOFJWUgcaagsqrE39U484Q2kDZNdqWoq', NULL, '100.31.139.43', 'Mozilla/5.0 (X11; Linux x86_64) AppleWebKit/537.36 (KHTML, like Gecko) HeadlessChrome/138.0.7204.23 Safari/537.36', 'ZXlKcGRpSTZJblk0UnpOTmVIRTBjelUyWlZnMVZqTXpPR0ZYU0djOVBTSXNJblpoYkhWbElqb2lURzFzY1VoemEzaHJVWEF5T0ZoNlRUUkxUbU5pWW5CQ1QwVk5jWGwzVlV0aGNsTm5VM2d6VkVjeFJWbzBOeTlSYUdkQllWSlRWSGN5VkhkNGFIQkhkVll4TjB4VWFFVmxOV3Q0TkZwS2VIcHBUVFJSSzNwQ1ZHRXdZVU54VGxGdlRURnZWMUpNZVdKSFkzZGtheXRCUnpkSmFFOTVjMW95VjB4cWFuaDBWa0l6YmtFeU4wZEVZV0YwTjB4VE1HbEVXRVZOTmtWUGRFeDNUMDlIYW0xelRrZDRNRXN5WjNSWlMzUnhRVXB4TmpSaWNIQlhLMEoyTTI4MmVuaHNXRTFMSzFOWlJTdGpiR3RWUjFSRWVsb3JWbGw1ZFRGb1RXcHpMMVZOUjFGTFV6WmlhMFJoWkdwbFZUaFVjVk55YVhaR2FtVlVjSGszVG1Sc1pURjFaMGRNU2pJeFRYWlZZMEZ1VUM5UlRrMXRRVVF5WkRaaGFIYzlQU0lzSW0xaFl5STZJakU0TTJGak1UUTJPREpqTUdJMk5EVTNZV1prTm1VNU9UWXhORGMwWWpZeFpHSm1ZVEV3T1dKalpXTmhNRGRqWTJRNE1UUTNaamxsTVdGaVpHSmhPR1lpTENKMFlXY2lPaUlpZlE9PQ==', 1769640405),
('LFTfF995Qt4fiVgDjbYPxlLWTCrJGCKvotKAFSZ0', NULL, '34.58.10.148', 'Mozilla/5.0 (compatible; CMS-Checker/1.0; +https://example.com)', 'ZXlKcGRpSTZJbUZwVUdkcVJEZHJVM3BIYkV4c2NYSnNPVFpxTjFFOVBTSXNJblpoYkhWbElqb2lMM2hsWVhNcmIxVmFXbVF4VEdkS1V6QlBNbVJ4TVhCTlQzZHVkbG9yZERRdk5sbEtaazF0Ukc1M2JHVkJlbTVhVEcxVFNHOHpTMmRLZGsxaU5XNDVRV0U0TWxSRmJXVkJURTVJVFdaSGNHcHBRMEZNUTNSM2NVTnZPR1p5UVVWV2JuVjNRbmQ2YTFsWk5YVmliR1o0VWpkSGVIVnhNRFo1TTBkdk4yUjBaakkzZUdGdlpERXJXRkF5V25CNFVUbEhNbVJYUjJoMFlrVm5jVEIwVkRBMVprRXdTbmxRZW14RU0zWjNRMW9yVDFWVk4wUlBVV0pLWkU5clQyVlhZMjVPYTNVek0zZGhVWFpIZDJkTloxcHJVSFZUTVhod1ExRjZUVWxNUjJwaVZrbGlOMkZNVEZwblJqZFJTRmc1WTJFM2MwdGlkVlJ0VVdScldTdFRhVGh4YUdSeU4xZE9RbnBqVDA5dFFpc3haRzVhWjBwclMyYzlQU0lzSW0xaFl5STZJamd6WkROaFlUSmxaamRqTlRjMVlqQTJPV0kyTXpZek16RTBPR1k0Wm1ZeE5ETXdaamRsTldaa09HTm1aakU0TnpOak5EWmpOV0V3WkRaak9HRTFPR1lpTENKMFlXY2lPaUlpZlE9PQ==', 1769697896),
('lG29NQX0mwWVQhgEMNSmvEDOXNy80VI5ZjXyeMdc', NULL, '159.203.16.118', 'Mozilla/5.0 (X11; Linux x86_64) AppleWebKit/537.36 (KHTML, like Gecko) Chrome/142.0.0.0 Safari/537.36', 'ZXlKcGRpSTZJbkkyVWtOSVQwNVhlbHA2THpSdWNIb3lkbU5vYm5jOVBTSXNJblpoYkhWbElqb2ljMVJPTWxVMVExcElXbVY2YTBOT2FsUk9NbUp0YVVSUmFsUndTRmh4UzNGR0wwZGtPVXA1YjBkUVkxTnZjRGRuUzFwMlozUkpXVWxDZWtOdlJrSklOMVZzZDNGVFJVb3llakJrV1dOdVRqRlFkU3R2TkVkWmVFVjRaV3BWTUZaeVlqZ3daRVZoYVRoVVNYSjBiSGQwUjNaRk5ITk9OMjFEVVdZd1MyODRZbE5PVkc1V1RtaHBSazR6WmpSUEwyVnJUbXRRU0RrcmVHZE5iSGhxTlZoRU1VUklUemQ2ZFU5bE5VTkdVSEpqYlVKTmRYaEJlRmxWUm10elFrTjVNWGQzVVVkVU9HTXJlazFZZDJaV1VFcGxhVE4zUkZCeVVrWkhZV0pEWkZnM1UwNW5aVk12T1hsUlZUYzRUbTUyUkhCTFJ6Sk5TMjE1TW1Oc1pFVkNZMGxDUXpGU1RXRXlhQ3RuWW1WS1FtUk5kRlZoT1RkeVMySmtWVWhMUjJSUVF6TnFWVTh4VFVNdlREUlBMMmM1Y2paUGVFRnZaMlphVmpZeWVVeFZNSFl5VUVNaUxDSnRZV01pT2lKak1XRTBOemRpTUdZMk16aGhaamhrTkdJMFlUbG1NVEEwWXpKbE5UWmxZMkV5TVRnelpXRmpOREJoWldKaVptVXhOemN3TWpSaU5tSmpPRGxtWkRSaElpd2lkR0ZuSWpvaUluMD0=', 1769567565),
('LJlnb5GJM7I4KgymOGXjomMfROVdG3Rxw6ltePTd', NULL, '34.75.75.107', 'Mozilla/5.0 (X11; Linux x86_64) AppleWebKit/537.36 (KHTML, like Gecko) Chrome/124.0.0.0 Safari/537.36', 'ZXlKcGRpSTZJbE14TnpKUmNrSjRkM2Q2WVdGaE5scEVkR2RJUldjOVBTSXNJblpoYkhWbElqb2lWRVJKUmtRd1QxQTFjV0l4Wnk5R2FHRXlLMmQxUlVwWk1HeERZM2w0Vm5aTEwzTkRRWEZuVlM5TmVEZHBZMEkzVDA1SGFrOVNhelJuVkhKQmFDdE5USGRGYWpseVVtOXlaVlJrUWs0NU9VWnRkSEZKT1hWc1NXbFNURVZUT0dSTFNHbEtVRFpWYTA1c1VVaFhZMHRFUVhkc1pITndibkUzVWxGU00xRTBkSGxZT1c5alVFVlhjelpzT0cxVVVIQTNVemc1WXpJMlFXcE1la2czYkZoMGJWSkxMMnR2WW14b2JHeHBORlY1TTBRNVowbDZLMjVuV0hGYVYza3pibEE1SzBGSVlqQmlWM0pxVkZkTVpHVmpWSEZ5YjAxUmN6WnhTVTlPTTFsTVpGWlhjV1JMYkN0clVURnBkbkJwY3pJclVXOXNjMGg2Vmk5RlJYSmFSbTVyY0V4SmFWWXZaMEozTlhWQlZVcE1jelZyVFUxVUwyYzlQU0lzSW0xaFl5STZJbVZtTWpCbU9UWXlNVGd6TVRRd056TTVZak0wWm1ObU56TmtNV1pqWXpabE1tSTRPV1ptTldJek5USXdOVGxoTmpBeFkyWTBabUkxTUdGaFlUTm1aR0VpTENKMFlXY2lPaUlpZlE9PQ==', 1769760448),
('lxIfNudsD4S61dad0dLCSePwzNqCEht54HB8tYyB', NULL, '204.101.161.15', 'Mozilla/5.0 (X11; Linux x86_64) AppleWebKit/537.36 (KHTML, like Gecko) Chrome/143.0.0.0 Safari/537.36', 'ZXlKcGRpSTZJa2w1WVVkSE1VRlNNa2Q0ZGtjeFprSkNVM1ZsTldjOVBTSXNJblpoYkhWbElqb2lNR1Z0VTFVNGF6QklWa05HU2pCQ1JUSkNXR1ZEV0ZVNFVsRlJiRkIwTDBGT1UzbEtjVXBGVEdwbUsyZFhTRkU0UmpKMUx6aFJXSFZVUkRCRlJsUkZhbFJMWlZWRlVsQXljbFZDVG5oQmRWcFVXbEpGTjBzeVVrSnVNRlZtT1djMlVGTTBiSHB6YjJkeFFVZExkVFpDWVZCNFZGWjVhMEpwWlRKdVpVZG1NRzVWVG5KaU9Vd3dibUpMVDB3d2VVZ3dibmc0WTFGVVUwRTFVMVVyYURkaVozVkZSalE1Vm5aV1RIUjZTV3BsSzB0emJFWjFTRGhwT1dGUVNHSjJWMUJKVTJWNFVsZEphMUJ0WVhwTU4ydEZjbFZIYzBSdWRFeFhOemxVVlVOMlRrMXlUekZaUWtGSWNXWmtWMnBEZEVncksxSXhWV3d5TVZaM2FpODFWbElyUm01c1RuRlVXbU5EY0RVNWVITTNXbUpsV0Uxa2QzYzlQU0lzSW0xaFl5STZJalV5TWpnM1l6aGhNRGRrWkdSbFlUWmhOVFpoWlRFNFl6WTNZbVpsTmpVMVpUQTNaalF4TURsaE1qWXdaR0V4T0RFME5UQmhORGcyTWpBNFpqRmtNVGdpTENKMFlXY2lPaUlpZlE9PQ==', 1769627651),
('m3gxMp9ZxCQ45sjPdKPtKaTjwZDwqOdDVXaNZnk7', NULL, '149.57.180.123', 'Mozilla/5.0 (X11; Linux i686; rv:109.0) Gecko/20100101 Firefox/120.0', 'ZXlKcGRpSTZJamhJV0hKSFowZzViVWwyZWxNeVZrbE1hVGh2UVZFOVBTSXNJblpoYkhWbElqb2lZVTVSZWpOVksydHFaVEJKY2pobGRFaEtaV2d2Vmtsd1RsRXJVazFDZW5WTGNWSnlNbVl3YW5GRE1TdDJLelF4VkVZdlZUQXhaRXhZYzJWYU5qVjZkRWhtU0cxNWVHUkdURzQxU1V4dVQwbGxTR3BsZGpoMloyY3paVVJRVFM5cWJsbEljWGR4T0VwTU0ybDVkR2xpT1RKWWJsaHJOa0pLVFhOWFFtSnliMUJ3ZUd0U1JtRTJSRll4UVdKRmFtWndMME5XVFhWTVkyVmFNWGRwYm01T1R6VnFWRTVIZWk5VldHTk5hMkZMU0ZwdFNqa3ZlRzlDU1VzMU1WSkphbU1yUTJac1kxVkdXVWN3TlZKS1Z6Qk5jVEpMWkRSSFdtZFNWMGx3V0hsbUsyaDRVWEpqUWpoaldUSklaRkp1UnpSd1oxUXhhVkJoUlZsTVZVVmFRamhZYW5Cc2NsUk1abVJQVW5GdGFXdElZbnBQUm1ScmF6WkpWVVZSVjFoaFNFVnZabmRQUkdORllTOXZNRXR4VDFsVVIwbGxaRXBJTWxBck5rSjRhazRyTm1JaUxDSnRZV01pT2lJNE1UVmhObUppTXpNeVpUZzVNemsxWVROa05XRTNaVFZoWVRsbVlUa3hZelUyTmpaaU9XRTNZMk01TnpOa1pqTm1PRFF3TVRCaVpEUXdNVFV5WkRCaUlpd2lkR0ZuSWpvaUluMD0=', 1769595156),
('mFa3D5RpY3MJvF1uDHHnSDuvcb5ctW2Ad3w02vVL', NULL, '113.31.186.146', 'Mozilla/5.0 (Macintosh; U; PPC Mac OS X 10_4_11; da-dk) AppleWebKit/531.22.7 (KHTML, like Gecko) Version/4.0.5 Safari/531.22.7', 'ZXlKcGRpSTZJbGgzUWtaT1IyUlhha2xJVlRBeU1ERTVWRlJpYWtFOVBTSXNJblpoYkhWbElqb2lOMjR2YkVOTVJ5OWxPV2hRTmxSVWJHVjFUVUpKWVZKbFFrdDRNbVY1WVd0a2VWWTJUazVFYVhNMWREaDVjMVoyZDNCTWNtTklZbFZVY1cxbGMweE5helZMWlhwV1dtSnZhMHAzTm0xSWVWQm1UVkJVUjFSaVpUQjRTWEJhV0RCdmFsTmtOamx3UmxkWVVqbFRhR1pqV2tZemVXdENXamhKWkVkb1lsVmFWelZNWkdaRk4zWTFSMlpsZDBwclpHOHllVVk1SzFsMGMzUkNOME16VVVoRFkxbzVSa3hXVURZd2RtMTRRamMzY1VaVmFEVkNhbXB1TmpSQlRsVk9kMU51UkNzNWVtdEdVbEUxTUdNdk5EZ3diaTltYjBKMEt6TXpTRzB4YlZaVlducG9hakJsZDJvME0zVlRkVzVaWlZOTU5rWnlXRWxOYlVoVWFGRldURkpXTm05elFUWTRhbU13UXpOWE5rcE1SbFYyT1hVek4yYzlQU0lzSW0xaFl5STZJbVJpWW1JMU5qazRPR000WlROaVl6SXhOVFl6TkRBellXUmhaR1k1TWpnd1pEZzRPVEZrTVROaE5Ua3hObUV6T0daa09URm1abUV4TlRSbU4ySmtOV1VpTENKMFlXY2lPaUlpZlE9PQ==', 1769643548),
('miP0xyYsu2G4Tfrgfma8n7laIxAkROlp3Aghq1TU', NULL, '23.27.145.151', 'Mozilla/5.0 (X11; Linux i686; rv:109.0) Gecko/20100101 Firefox/120.0', 'ZXlKcGRpSTZJbW8yVkUxTkwycHZSV2RvU0dOcVMxUlFlRUZ6WmtFOVBTSXNJblpoYkhWbElqb2ljVGQ0UjJWaEsyODJVMUJ5U2toek5GQkliRGxCYTA1NFNtRmpZMDVPYVRSWlNITjZUVkZsT0U5aGRTODFXQzlTUVVoQ1lrWlJhMFpJZVU1TU1ub3lRVmQzTkRod2VsTnphalJsT1dKSFZubFVRbE53ZGtWcU1sTXJja0ZqTkhSSmVFcGxhazFVYUhCdlYySlFZMmxWTmxsWlJpdFFVelZ5U25WdU1EUlRXbFEwZFU5YWFrVlFWMU5GY1VaaWNscERZVUkyTWs1MWVVTkJVamx0WjNwM1duWkNTSGxLYkRRcmRsTkpSSE5LVlZoVVdsWjJjemRYWjNnd2ExazNlbFJHVFRKc09FUkNkMFppVXpWdlJFTkhlbXBRTVdkMFJqRmhlVkpxTVZkamExQTVhVEJJYmtaMmQybHVla1ZHVUZBd1NGUnVXVXBDVWpGaFNXTjJVMEV5TWxSdWNEWk1LMjEwWXprNE9URmFUa1kwYUZwamJWRTlQU0lzSW0xaFl5STZJbU16TW1Ka01tSm1NRE14WWpjMU16bGhNems1T1RZM00yUm1OMkZpT1dRNE9HVTRORE0zTURaaU16YzJZMkpoWWpJek1HSTBZakJrTm1GaFltTmhZVFFpTENKMFlXY2lPaUlpZlE9PQ==', 1769630757),
('n3Wsj0C4lf2SxFAGWN5fJe49pUOcTOBqwqjEth6P', NULL, '43.157.22.57', 'Mozilla/5.0 (iPhone; CPU iPhone OS 13_2_3 like Mac OS X) AppleWebKit/605.1.15 (KHTML, like Gecko) Version/13.0.3 Mobile/15E148 Safari/604.1', 'ZXlKcGRpSTZJa3BPWlRkRVUwMTNlakZEWkZOWFNqTmhkWGx5TUVFOVBTSXNJblpoYkhWbElqb2lLM2QyUW5SclEyMVhkelpQVlhSSVJuRjFaR1o1Tkc0MWFIVndRelIwYXpWM1lsaFFWVXRSTkRocFdsaFRkVTEwTUhNdlREUmxiaXRPT0hkUVdURllhWFIxT1VWVFZtWkpRVFEwVjBJdmJrWTNRbmxvVG5ndlZtVTFaRkpvTnpkb0sySmhMMlJ4VjIxR09EVnRNek00V0dOM2QzSkhiREY0Y0hwakszcHljM0pLTXpsV0sxZDVlV3RIVUc5NE9VSXliMGhIY21walZIZElXRmRRSzA1aFIyaFRSa1IxSzBkMFNGaFRhVGg2ZHpoV2RDdFljSFIyWjI1amVIcGFja0puV2pWVk1VMVdXSE14U0hsVFlYRnJVa3BZVkV4b04wRjFlRmRuUVVZM2FHSXpVazlUVkhSQmQwWm5kVFpwV0ZaVk5TOWxNVk5yYm5ndmVqaDRkMjFrU1RKV1NFTmhNVEpOT0hsUVp6ZDFNWE5pYlVVMVlXYzlQU0lzSW0xaFl5STZJamczTXpJMFpqazJPVGMxWXpaaU1qQmlPVGswWW1ReFlqbGhORFZpWXpWa1l6ZGhNekE0WWpjM05qWXlPR1F4TVdNd056VXlaamhsT1RRell6VTFNRE1pTENKMFlXY2lPaUlpZlE9PQ==', 1769714483),
('NaoTRHcf8PDUUUI3aKHSlwuLExZWkwb3xCXqsZ1q', NULL, '149.57.180.176', 'Mozilla/5.0 (X11; Linux i686; rv:109.0) Gecko/20100101 Firefox/120.0', 'ZXlKcGRpSTZJbkpSUzI1b2NHTjFRa0pyWW5oR1dEWTJjeXRWV2xFOVBTSXNJblpoYkhWbElqb2lPVVp4Vm5sNVkzVTRTa0ZKS3podFpWQjFVMVpLTkRBemRHNTFUMFpLYkVsVGVVZFdjVWhOWlc1RFNqUlVkVGR1TjNaaVlVTlliVXhMYlhoYU9Vb3JVbkJoVEdsMk5ERnVLMjlhYVc1VmVUSlNWR0prYmxKM05VODVVRGxrYW5GSWJqSm5SbkUyVm5FNVVpdHBTVTlNTVZaeFFrdE1ZbXBDUWl0MmRIQjFabHBoVnpSdFFXWXlWMDlTVVdoSVRWbENlUzkxUWtOb1lrVjFXalJKTVZkS01VaHBUMUZCU1VaelRsSnRVWEJwSzNScFQxRjRiWFl6VGtJdlMzZE5TV2xEVVV4aVNtODVhWFZrYkhKWk0xUjVXV052V2xWWlJGWm9WaXRKWVc5QkwwYzJiblJDYmpreVlWZFFSV1Z0WlROS1FuaHBkbmRtTTFNMWNVUlRiekUyU1ZGYVVHeEJWemxXTnpSRVRqRkNMelI2VUZoUGJUSXdUQzgxUVdScFRsaGpkV2xhS3pJMk0yMUxNMmhPWkhJemVqaFROM1YwTVRrNFVIZGlMMVZLY0VRaUxDSnRZV01pT2lJM1pUbGhNalExWVdRM05XSm1ZalZqTW1FeU9EQmxaREkxWlRaa00yVXdOemxtWVRJNU5EZGpNak0xWlRkak0yWXdPR0UyTXpVNU5XRmpNalkyTVRCbUlpd2lkR0ZuSWpvaUluMD0=', 1769593243),
('nb2eN5OVjIqtzIx11XZX5M3gV82VTZjAIvqatMzv', NULL, '8.211.201.128', 'Mozilla/5.0 (Windows NT 10.0; Win64; x64; rv:122.0) Gecko/20100101 Firefox/122.0', 'ZXlKcGRpSTZJazVIVW5OMEsxVldPSE5DTkZvd1VETmFiVk5RVEZFOVBTSXNJblpoYkhWbElqb2lia3RhVDJ3NVRqRkZXSGRqTW5SSlJEWm5lalJySzBwSVdHNXpabVZJUlVkaWNEUjVVVkIwTDJsWFNWVktOMVZLWm5aNVpYbHJXVVZ1YzJkdGJsbzNUR1F5U1dWak16VktORWhMZDJJeldUZEJOekZsSzBSSU16WjBOa29yTUhWYWNpOHZkVTgzVkhwQ1QzWlJNbXhrY2xSTVdHaE9VREoxTDNac1NqZFNhMnhuVVdka05uSkpOSEJrWVZORFRtbHpWMWxrVldSWFRXZFdabEJaV21KNVIzQnRaRVZRVEc0NGNYbEZhMFpJTldFeGFESTRSa3hrYXpGdE1XWldZamhhVWtwRWVGVktVM2d4V1ZKYVprb3pjamxWWmxCb09HUnhSRlZuUzJaU1VXRkVXVkJKUTFsWGRYSnZkM0ZMVmsxT1RUa3hlSHBDYURkVVUycE1SMGczVGpoeGJraGhkbE14VFhrMlJIaFdTVWROUkZscEwwRTlQU0lzSW0xaFl5STZJamc0TTJOaE1qZ3daRE14TlRsaU5ESmtaRGRqTUdJM1pXSmlPV1F6TlROaE5URmtZVFJpWXpabE1qaGhaR1UyTVdSbFkySTROVGhtTkdNM05Ua3pZbVlpTENKMFlXY2lPaUlpZlE9PQ==', 1769596286),
('nbxJAg3ut9iIHAWEw9ukkLZxDADey5xbDiY2q0nK', NULL, '185.177.72.38', 'curl/8.7.1', 'ZXlKcGRpSTZJamMzZDBaTlVYVlRMMWxCZW1oQlEyUnRNbXc1VFZFOVBTSXNJblpoYkhWbElqb2lURVpaUjB0dlRXVllkVFp6UjIxM2VUWkVNRmcyUkdOd2RYUXhhSEZyZG1OTWJHUmtTbEZOUjBkUU9EUTBWMFYxVjBGMGMyTlRkMWQxZDBaeVFsVkRibkEwZWpOblRsTkhObGd3TDNod1JFcHNPRTQ0UVVRMGVVUlVVV2xPYkdscGJYVkNVM1F2TVhwME5HMWpSMkl5TlVwR2JUVmhlSEEwVmpWUVMwRndkVzlJVVhWRlIzZE5NMmc1U0haNFNYQnRVMEo1TDBWelltRkVSbFJaTTFJck9FOVhRMkpHUkZKNGFGUXZaRVZxZEcxdGNFWjJkMUJoTjBWWk1TdE1aRTlhUWxZd2MweFVVbEF5ZW5aRlFVVXJWRkZQUWxZNU1rUkpUVTE0V0RGdWNsbHpNelJUYVRKVWNuSlBVRTVHZEdoek4xRlpNMGRvUWtOQk5HWnZOV1JtVURWcWMwMVBUWGg2T1UxTVVrVm9VVEZPUnpaRFExRTlQU0lzSW0xaFl5STZJbUpoTVRnek9XVmpZbVkwT0RnMU9EQmlORFJpWTJReFl6WXlORFkzT0dRME9UQTJNREZqWkRGaU56RTRaRGd5Wm1WbU1HSmxNRFV4TmprM01UY3hObVVpTENKMFlXY2lPaUlpZlE9PQ==', 1769734331),
('nEuZ3E8ny9V3U4ZctfGILGyErTiYo4Wa5WfuY90Y', NULL, '8.213.134.145', 'Go-http-client/1.1', 'ZXlKcGRpSTZJa0k1VjNaSGNFcDVVbVZzTURkNlNuUjFNSGxWUzJjOVBTSXNJblpoYkhWbElqb2liR0pPWkhWVE4zRTBaMlpLVGxaT2Qwc3JOMkUxTDBreUwyd3paMUJvUjB0NVdubE5RbkpUVmtsbU0wdFlOMmh4YnpNME0wOUpOMHByWkZCd2NISTBSakJGUm5sMmEzQkxORGgxTUhGSFZFRjVhMU41WldjdlJqRkRMMmxXYW14TWJIZEJZMjVyWVZKamVHNXBWR3BGV1RaWmFVdDZjV2x2Wlc1MVNtTm1VMFpQTjNkbWNXa3dlSEUxUTNCQ05HbHdlREZWVTJKalYzcDBWbkpqVlROWFRVOHpkSE40UnpScVRHUnlOSGcxTlN0RVZGQlFNamh4YlRGMlpHMVpUbFJxVmtSdlpFVmFhVUp1TlRCT1pVaE9TMmxMTkdwa09VTkVOMjVTY25GbGVETk1VakZIVVU5d1pWa3lPU3M1WTNGTlIyaFFUSEJpU0U1ME1WZE1USFZ4Wm1wVFRsVlVObFJMZFdKbmJtTndVVnBKUVdndkwzYzlQU0lzSW0xaFl5STZJamRqTlRKbU4yRm1aVE5oWVRZeU9ESXdNalU0TnpCaU9XTXdNMll5TW1VNU1HWTFNbU14TW1abU5EaGlORGM1TjJGbU1UbGpOR0l3Wm1NM1pHVmtaV0lpTENKMFlXY2lPaUlpZlE9PQ==', 1769609815),
('NlUdEC8wL7yA9hepwbr2VilsmTUXn8MlcjS7UQ7s', NULL, '59.14.17.48', 'Mozilla/5.0 (Linux; Android 9; Mi A2 Lite) AppleWebKit/537.36 (KHTML, like Gecko) Chrome/80.0.3987.132', 'ZXlKcGRpSTZJamRIVkc1eFNVNWhNVUV4VlRsc1VsRmpVbHBaVEZFOVBTSXNJblpoYkhWbElqb2llbUpHTms1SWIzSkhRMXBWV0VKekwyeDRVMHczYzBnd01XeDJWbk56Wm1OQmVtTkpUbVIyTm1zd1RXTldhbFZpUjBsa1ZrbEdRVXBNT0M5bmIzUnlPR0p2V1dSUVJXY3lTMVJqWTFWQlpVaENRVXhxVVRJMlZETlBVelZPVDJKQ1ZIZE9jVlF4UjJsSFVGWXJSMWhZYmtST1pXd3lUV3B0VDBsWll6TlpNa3B5UVRGTmQweDBaalpsU2toeGNXbG5iWEpWU2pGV2RXczVLMjFCZDBzMFZ6QXdVbEphV0dnMVlYZEZTa0phWTNrMWJHUk9VRGhtWkdOSU1qaEdkWFpWTm5sblQxZFdhMDVwTnk5a1UzY3dZM1F5YzBFeGRGQk9lak5DVWtSSWRsVlZPR000YmtkeFRXNW5abk5oWjBSSVJsbzVRWFpCYWswcmIwdzRZWEptVUZoVWRrdFZiVEZtWmxsSk4xSk5jMHRITVdKRlFWRTlQU0lzSW0xaFl5STZJbVl6TldFeFpXRXdNVFUwTURJd1pEVTBObUV6WkRBek56TmpOMlpsTlRWbFpUSTRNV0ZtWW1ObU1HSXlZV0V6Wm1Nd1kyWmhObVE0WmpOak1XRTNaVFlpTENKMFlXY2lPaUlpZlE9PQ==', 1769573267),
('Ns7NO9ToRzY0sYRqFv79psQz44vE5inMdiRzFCFr', NULL, '149.57.180.186', 'Mozilla/5.0 (X11; Linux i686; rv:109.0) Gecko/20100101 Firefox/120.0', 'ZXlKcGRpSTZJalI2Y3pSU1ZWTXJRbTB2ZWxneWIwaHFOa3R2TVVFOVBTSXNJblpoYkhWbElqb2laU3RCUWpkUFdESmhhWEZQUVd0S1VYUmtNVXA0YkV0RVREbDRURmxsYURVemRuQXJSVVJ6U3pWdWFtTlRaREIwVVZCVlRsTldWMWRUYTIxalFTdDBiME54ZFZwSWFsSTJPWEpwTmtGalZUVm1VVlp2YkM5SlFUZGpkV2hEU1ROTFdWTnRibVJQZDBOS1JTOVdRM05RV1hkVWNUVmFZbU00YUZWdmNWRTBOV2hLUTJobWRYQnZlVXRQWjBsd1YwOVhkRlJ5ZUdjMGVUWkxXbVJSU0ZCUFlVUnBVbGhvZUdkclUxaDJORXBOTlhGVmRscFNja2hJYVRRelpGWm1ibUYxTDBWWFpFNVNNWGQxZEVoUU5FTmtVVWM1VkRRMWMyTk5hemhEZW5WNVRDdHlSVE55TDBob1lVRlNRa05ETlhGWWRVWTFlWGh2YVhkNEswUXpVM1pDVlV4cVJIa3lTbXRaZDNCUU5HTlBjVkJaT0c5U1dYYzlQU0lzSW0xaFl5STZJbUV5TmpZeU1tTXdZVEUzTkRGbU1HRXlaamN4Tm1Oak5HVXdObUV5T1RNNFl6UTJNV0k1WXpBNFlURm1aR0V3TVdJNFpqWm1NREkwTURJMk56VTNOVFVpTENKMFlXY2lPaUlpZlE9PQ==', 1769571194),
('nzM7yGilkBbViTxJJ69DR5sAptJXGibN0RVnWpgt', NULL, '135.148.195.14', 'Mozilla/5.0 (Windows NT 10.0; WOW64; x64) AppleWebKit/537.36 (KHTML, like Gecko) Chrome/113.0.5666.197 Safari/537.36', 'ZXlKcGRpSTZJalI0TjNaNVJXSndTaTlWUmt4d2NYcG1TVTlFWW1jOVBTSXNJblpoYkhWbElqb2lNMEphVFN0RE9VcHphRVpWZWpoeE5uTm5UMUF6TkVjNVpsbERkbkU0VEhoa1oxWXlaRWxPY1hobllUUnFOVk5CYW1aVlJHZHVTRGtyVEM4MFJVNTBjbko2U2poYWNFdEtia2g1VjBKRE5tUlNVMkpQWjFBelJqa3djVVpTU0doVVNWRjBaSFpSTVRKcmNub3dPRFF2VGk5UlVtVmhkMDV4VUdkVFdYY3pjVGczYlUxUlFtUjJTV3RLTkRNNGQwcHRVbVpTZDFRMU5WcFRNVEpuVEhoUlNrNUhMemRtTjFCSllVSklPRTUwVVRrclREZGpLemwyU1UxS2RHaHdXRzUwZDNVMldYa3haMEZNVkZSVmIyTm9kVkp4Wmsxbk9ESlFhak41UjBkTFRWUmFOVFJCV0d4eFltb3hTRkpuVTJWV05VTldVbFZITXpoNE5HeHdPWE4yVUdzM1ZtUkhVbUpPVkdrMFExbEpWVlpCWmpReldXYzlQU0lzSW0xaFl5STZJbVpoT1RGbFpUaGtZelZsTURRME9XVmlaVEF4WlRjMlpqbGhNelUwWlRVellURXpNREZsWVdSbE5UTmpaVEZqTXpWa1pqazFaV0ZsTVdFeU1XWTBaV1FpTENKMFlXY2lPaUlpZlE9PQ==', 1769737802),
('ogJLdV19MLh4lf6g8gOM1cwog1dLaz5EMbNj2AZL', NULL, '14.194.11.238', 'Mozilla/5.0 (Windows NT 10.0; Win64; x64) AppleWebKit/537.36 (KHTML, like Gecko) Chrome/140.0.7339.186 Safari/537.36', 'ZXlKcGRpSTZJbGRZYmxScFJUUXJjRGhITXpWaGF6RklkVEJNV21jOVBTSXNJblpoYkhWbElqb2lkV3czTTBKVVlqQldka0UzWkRadFVtdDNNME5wVWtKc2NtSk1ORWgxVFhNMlUyeGFjazE1YkhoeGFUVlZaME55YVdWSGFXbFVhRGhuYmtWRlJFOUpMemt6VDFWdmRrdG5XREF5Y0ROVlJpOUJOVXBhVkd3MU5uUXJaRVZrZWpGMmVYSmxiMUU1WkZBMldrWmtUVXN2Vld0UmMyUlhhRmROY0d3emIwMW1RakZGZGtObVExaHdja28xUmxwUFVHMUtNa3RsV0VwaFYxWmxUVEJtTmxBd01rOXFjSGhWUzFsQmFVVlBLeXN4U0ZSbk5XZEphalpqYURaVU1tTlNRbFpwYnpaSVRYbGhaVFZpY1hoeksycDJLM1p1U3pRNE1UUlFUVk5YZW1NeVRuUmpLMnQ0TDBod1JqQmpWelYxTkd4S2JqVTViM013Vm5GSE1qWXplVVJLTlVOelJqTkhVMHBwVkhKNU1teG9aSEZsUjJOVlFrRTlQU0lzSW0xaFl5STZJalkzWVRaaE5qaGtPRFZrT1daa056Z3pZalpqWlRjNVpXRTNNR1ZoTmpFNE0yTmtaR0UxTmpKak1qQXhabUV4T1RVell6ZGpaREZtWmpkalptTTVNallpTENKMFlXY2lPaUlpZlE9PQ==', 1769646358),
('oIVrCXzJ2mfiGt5F37bOaIptnXPeyNGmaBZp9OqL', NULL, '82.147.88.45', 'Mozilla/5.0 (Windows NT 10.0; Win64; x64) AppleWebKit/537.36 (KHTML, like Gecko) Chrome/139.0.0.0 Safari/537.36/Nutch-1.21-SNAPSHOT', 'ZXlKcGRpSTZJalZOVXpoeFNWUlZTVTE1Y1RCQ01HOUdSa2h1ZEVFOVBTSXNJblpoYkhWbElqb2lNRWQ2TUZkVmRHMVNibFZOZHpOaVVWaDZSaTlXVVdaWmFXTk1XblpwWkdGb1VHcDRXVUpMYTJ3emNFRlVhSE5CWjJVelMydzNLMUIxTjFGb1JsQmtLMnRZZDJSdldTOW5MMnR4YzNsSFZHUXphMnBoV2tGVFFqVkdiMVpuT0dKWVQwOXFaelF4WmpOWU4zWXpjM1JuVmt0cU1TOXViWEF6ZWtwRFRsTlpjRXRFVjAxb2RFWTFjVGhUZG1JeGN6WTNRMlV5WmxJNE4yNXRWR3gxVWpONk1qTlRjVmQ0Ykdjd2MyOTBOM2cyZVhKdVUyODRaRFpsZERFMkswc3JlR2N4ZW5ocFdWaFNRMDlUTm1oaWJqVnZaVFJPUm1wbGFVMVhkMG8yZVhoVWFDOTNPR1o0TWxOTFZGZEVha2x6ZWxkWlEyeGxSV3gzTnpKUlFYYzRiMFZYVmsxVmRrdEhiMmh4TUc0MlNrUkRjVlpsYzJFeGJtYzlQU0lzSW0xaFl5STZJamd5TURObFpEUXdPRFl3T0dNMk4yTXhNbVU1TmpVd1pEVmhObUprTTJZM05tUmhaREUwTURRMU9UWXhNREZoWTJFME16WXpPVEk1WXpsaFltSXdaRElpTENKMFlXY2lPaUlpZlE9PQ==', 1769567150),
('ourpBxooFSzxnsH9Ncf8moUULGDbnd4Py57jqAzc', NULL, '107.150.105.5', 'curl/7.29.0', 'ZXlKcGRpSTZJazVOTkRsdVIyZHZRUzlXY2t3eFp6SndUbE53TjFFOVBTSXNJblpoYkhWbElqb2lUVkkzSzNCUWNsZ3llR1Z1UmtoV1dIcHliM1J2TkhSWFFYcGxjWGRVWTBSNmRGUnNhU3RuVkRjeVZ6Qkhia3BZVDJFNWQydGtSSE5PTm14NU9HMWtaVnA2V2t4ck5EQm5PRmxzUlRNM2FreHFSa1F4ZFdOWk5XRnhNRWNyY1ZwWWRDOU5hbk5LUzBsV2VqWmpRbFZhUlZSd1VGRnVjbWRzVm5WMU1YWkpNbEJQU25SeWJqTTFjMWh3VG00MmJsWnBkM0ZJWVdWbFJHZzFObmRVYWs5QldYSkhaRTFIWTFReGN6WmlkM0ZTV1ZOcGJ6RllXalpYU2poSGQwOHdVbFpLWjFGd2RFdGxjVUZtT1ZoME4waG9URzlDY0c5R1NHRlFaelpSTUhJdmQwbHNZMUZQZWtkcWRYcE5hbEUyTUhod1ZVbFdZa3hIUlhGQ1RESlZSU3R6TUU1VlZWaExVRUprVG1oRFZHbHBVV2gwVm1GSlFVRTlQU0lzSW0xaFl5STZJamhsWWpFM01HWTBZVEV5TURoaVpERTNNRGhrTXpobFpHRTNaV0l3TlROak5ERmpaR0ZsTW1Rd1lXSTFaR0V5WldGaE1tUTBOVGs0WWpjMFlqUmxOellpTENKMFlXY2lPaUlpZlE9PQ==', 1769688310),
('oUU2OzrtL33AcmrM7szMXlxHJphpuHL79huPjfd9', NULL, '54.162.31.194', 'Mozilla/5.0 (Windows NT 10.0; Win64; x64) AppleWebKit/537.36 (KHTML, like Gecko) Chrome/64.0.3282.186 Safari/537.36', 'ZXlKcGRpSTZJbFZqUlZCMlQxVkdhelJ3UW5sc1psRlFjMVl2ZVVFOVBTSXNJblpoYkhWbElqb2lXWE40T0ZOTVYycHhTVE5OVURZeVRXRlNja3RyV0daamNWcFBUbmhpVDJNNVEzUTFZM1JOT0hsdlpqVXZUVlo2YTNKTlpqWXhRbVZoYzNJdlUxaEJORXRJUVVoemRHZE9hakZsU0hvM2JDdHVVMHhMVWt0TlRUUm9TVGh2TmtSSWNsZHJaV2hVVFVONFVuZE5NMlp5UjJOU2RUVXZibnB2TkdSdE0wMUVTVk54YlN0WUwybzBkV0ZPTlVWcGJGSklXVlI2VlN0V2ExQnJRMlE0Y0U5Tk1qVnRVMFF5VmpSMFZtNWtPVzlWV25wbVkwWTVVbEZRVTBKTVNqZ3djR2RNUVdKMGIzcDZla1V4VERoMlNuZERXbEoxTkUxQ2JXVlpaMWxMUlZOSGVtSktZa3hpY2xKa1dETktWbTFFU0daQlRtNVZWVXBJWlRCeFVIcFZZMHBzTjI1b1JuTnlRVFo0YUhBeVluSTRNM0pMUlhBNGJIVldPVzVuY2xCNFMxcHpSVFJWTDBKRGEzUnZabFJqYjIwcmQyb3lUMGN4SzA1S1lsZHJjRUpPUjI0aUxDSnRZV01pT2lKalpqRTVaVEF4WWpWaU1tSTJNek5tT0dRMFltUmlORGswTVdGallqSXhPRFV4WldNd1pqVTNORFpoTlRJd05tSTVZemhrTWprMVpqY3pOakF6WTJNd0lpd2lkR0ZuSWpvaUluMD0=', 1769605500),
('oUWQyznRSdkJIY6zY9dzbGCdFmL1hoGqKinQtTWi', NULL, '44.196.29.182', 'Mozilla/5.0 (X11; Linux x86_64) AppleWebKit/537.36 (KHTML, like Gecko) Chrome/138.0.0.0 Safari/537.36', 'ZXlKcGRpSTZJbkUxYVhWMmFISm1aVlZPVnpaM2FWSTNhRWxqYUhjOVBTSXNJblpoYkhWbElqb2lWMlJqTmxkTldXaDFaVXg1ZVZjNVp6azFSRGRaTWxocFRsSmtTbGh3YkVKTFprMVJWVTVrTmt0bldEVk9NbFVyYTNaT1IwbFRjbEJOTWtaMVowMUdNV05MTWs5T01VOVdjVXd5UVhWSk1uWmhiakJCTlhWbFdVdFBRVXMxVmtKUEt6VlZXRlYzYm1kUVIxcHFVM0o0YzBoWk1rRlllQ3QxZERaNGFHcFNORTUzTkc5dmVFeEVMM0ZNVkdVMVptczRkWE5pZFU5S1NsVXdPWFZyWmxobmFGbEdSMUIxUTFSUFFrTmFNSEEzYVhselJEQmtkWFp6Vm1zeGN6WTFORzU2YkdSakwwMXpSbUZVY2pOVWRURkhNWFF5VTNGUVoySm1kVVYzWlhSTlZtNUdjVEZwYlhwMGFtZEZVVm92TldWSVVVeEVTbmRGZWpSdFUwZFNha2g1WkhJNVdrTkhVekZpUlVSQlpGZFFkRGswT0dwbmNtYzlQU0lzSW0xaFl5STZJamc0TkRjMk1UQmpPVFppT0dKbU5EVmhOR1JtTlRrMVl6Z3dOVGN5WldRMU9UTTFaR0U0TURrMk5qVmxZMk5sWmpCbVpHVmxNbUkzWkdVd01UUTBObUVpTENKMFlXY2lPaUlpZlE9PQ==', 1769620118),
('OYezF22OqaU5174v1GCzWnSQh9M9EnLEKC9HD892', NULL, '185.177.72.38', 'curl/8.7.1', 'ZXlKcGRpSTZJblY0WW1oVFQwUnBabTVSWlZZelNGVnRiVzR6TVVFOVBTSXNJblpoYkhWbElqb2lPR1ZFSzB4YVUwUlhRVWhVYVdNMWNqZDRaR2s0T1VwUk9VeDNhVWd5WjNWa05tdEJZamh4VUU5NVpDOUpTVkpZY3paWE1uaGtTMW94UzNaNlEzWk1RakZFTUhONmRUaG5OVmxOV2l0QldFNVNaa0kwT0dWM2NWVnJUbUZKVHpJclpVZzBaRU51Wm5wcVZFVk1iakYzWXk5MWJuSXhVMHhUWlRCV1ExTktPR2R6YURjNU5YSTVOekpSV0ZCR1lqUm5ZVXRIYTNneGIwODFVbTkyWmtGdVNsbElVVGQzZDBkSlduUjNOa3RyZVcwdlNGSkRRbFZDVDJWSlYyRjFlbnBWU21wb1owNWpTVzEzU21ndmFYZEZlbkozY0dRd2VYZExPV1U0VDNBNU0zQnljVXhrYUM5eldVSlBWR05hTmxvMmVreHhWR0ZyWWpWd2VrdEpaVVEwTURWUVpsVmhiV0Z0YmtaTGRYaFZVVFVyUjI1M1ZIYzlQU0lzSW0xaFl5STZJak0xT0RrM1ltTmhNRFF6TkRSa01ETmhZVEZoTUdVM09EYzFaVFl5WVdJeE1UVXlNelF4WXpJeFlXTmxNREJoWldSbFptSmpOMlJrWmpJNE9EUXhPVFVpTENKMFlXY2lPaUlpZlE9PQ==', 1769734340),
('pBZMzeWDWmZcxdJxrHC72mWk4AIbD2Yz0Z9hQv5B', NULL, '185.177.72.38', 'curl/8.7.1', 'ZXlKcGRpSTZJbXN3VkdkSFNXRldOVWNyVXpONGFGaDFOelJ5UVZFOVBTSXNJblpoYkhWbElqb2lWSGxxU0dwMlYyTjNkWFJqWkdndmVYQmtWbU5ZU2xvdlFrZGFNV1IyYW5KSVJtZEVWa1pZTlhwd1RXNVplV2szTjJoemFuaFRkMUpCSzNSR1RYRTFRV0pCYmtGVmFqZGlXRmcwVWtkQlEzWmhaSGxSU2xReVMwVlJUbmhaY0dGcFowbDJRMWhIVEVwaVdVOVFORGRTSzBObVRGcHJiM01yYkdNeVYyZFJhV1JyVVVnM2RIVXZWbmRQTnpCV1dqVlBZVU4yTW1sa01tcERXa3RVVERFNE1tdERjM2cxVlUxTlMzUXpjR3RIWWxGTldsaDJVM0U1YlRGcmFHMUxMelZrZUhOU2EweFFhSGR6U0hoSFNXaE1PQzkxWTBVeGJrUmxZblZKY0cxNE5WVnNUbkEwT0RaTk1uZzNTWEZOV1VsSVZVdENNREJ0YlhvcldHOUZjVXRpYUZwa1lWVnZSemMzZUhST2NUZGthMmxMZW5SRVpuYzlQU0lzSW0xaFl5STZJbVV5TlRBelpqWmhaall3WkRaa04yTTBZVE01WXpSak9EaGtZekUwWVRFNU1URXdZVGM1TURBNU5UbGtOREZqWm1SbFlUTXdPR1V5WWpKbE9XSm1aV1VpTENKMFlXY2lPaUlpZlE9PQ==', 1769734322);
INSERT INTO `sessions` (`id`, `user_id`, `ip_address`, `user_agent`, `payload`, `last_activity`) VALUES
('Ph6N6j1OujCJjUDTl8R3jCGWEZTGREPOdyWaYYNw', NULL, '47.251.89.126', 'Mozilla/5.0 (Windows NT 10.0; Win64; x64) AppleWebKit/537.36 (KHTML, like Gecko) Chrome/120.0.0.0 Safari/537.36', 'ZXlKcGRpSTZJbEoyYlhNelMwMVBSRkZ5VFVoRFNWVmtOVE15UldjOVBTSXNJblpoYkhWbElqb2lRV2d3TjJGbmFYcGFZM0JRVVdkRVVVMVlkbFYzU0hGWk0wMUhXall6T1M5NlZrUXdUVXRoY0RaNVMyUjVPRlZTWjBaUE4xQnZjRVZuYmtsdE1HUkVTR1ZVZEdwNlNFUlRVREF2VFdremRESlZTbUZOYkhaNFp5dDVkV05UVUhvelYydE5lVXhsT0RaQlVWUnRWWEo1WTFFMVNVVjZRM0YwYVhocVVISXJkSFJpYmtoVWNXWkNUa1JoV2tSU1pURnRTbVUyVURGREx6UndNbWRUVW1saWFuVmFhbEpoUnpWcWVqTjZNMWx0TVhWemRVWnZTazgzYm1abFNUaFdiR0ZIYmtWQ2VqZDBPVFZ3YmxBemFFSnBNWFp2U0ZndmQzWTNSbVJ2VFZKSGExSkNkekU1UVhaTldtaHlhamxRYlRWcFYwTjZkaTlaVjNoTGEwUkdkMWhaT0ZZclUwNW1UVU5STkhwQmVrdFhVM3B3WlZobk5HYzlQU0lzSW0xaFl5STZJamMzWVRrd056RXdaalUzTlRBME5XSTNNekpsWkRKaE1UVTFOelEyTURSak1HSmhNemhrTTJNMFptWmtNekkyTnpJM09UazJNbVkyWW1FME9HRTNaak1pTENKMFlXY2lPaUlpZlE9PQ==', 1769596300),
('pKZqHPvvveLUAEXJEjrLQ6GRB6rkWM4GgDaOIFPX', NULL, '185.177.72.38', 'curl/8.7.1', 'ZXlKcGRpSTZJa2R6VGxod1NuUkVVemd4YjIxRlIzSmlaV05RY21jOVBTSXNJblpoYkhWbElqb2llbE51WkZsaWVIZ3paRVl2Wm5KVllVTnZNRE15VURWblEzWlZZekJhVEdNMlIwaDJZMmxyYnpOSlZEVTBabVEzWWxwT1ExZEhWblJMVkd0TFRFeFZUakZJZEVjNFZIaElSRlJDVWt4UWVVbExiMDAyVTFsaVpYVk9VV2hLTldaeFFUSnFVbWRtWjNsRE5XaDNka2hUUjJWRE1YQnhhSGhaU0VwdlUzWkRUbXRpVW1kVE9HTXhlSGh3Ym5JeVpsQmxVVGt6WWxsMlEwVjJVV3BPU0VsWFZGUmpSemRuZFZVdk1EQjBkVkpJUzBkT2JrcFFNVTFSY2pkc1VXdzBUa3BXU1dKek56VlVNVWRFWld4V2EyaDFiVkpqZGtab09EQlhiek4xV0U1SE9WSlVVMjVGY2poallUWXZVRWhDYlVSc1VtZG1TVXBYYlZOMmRIbFNhVTlFUkVaYWJUZFFiMmx4Y1RGalVEVXhaRTl1TjBSb0wyYzlQU0lzSW0xaFl5STZJakExTnpnNU0yRXhPRFpoTkRaaE1Ua3dNbVkzWldFMk9EWmtOMkZsTURoallUY3pOVEJsWVRBd05ERXlPR1kyTURabU0yVXhaV0ZsWTJZMFpHUTFaVEVpTENKMFlXY2lPaUlpZlE9PQ==', 1769734331),
('PssrRzBlrxAwvaNQSb9XHnzXbAolvUFQHBtQTynf', NULL, '141.51.110.126', 'Mozilla/5.0 (Windows NT 10.0; Win64; x64) AppleWebKit/537.36 (KHTML, like Gecko) Chrome/144.0.0.0 Safari/537.36', 'ZXlKcGRpSTZJa0ZTY25KSFF6RkdNVU5EYjNob1FsaFBUalY1T0hjOVBTSXNJblpoYkhWbElqb2lha3A2WmpreWIyUldTbEpOZWxSQk9EaFpPR050UTNSMmJ6TjVZako2VmpSYVVtNWhSbHBNY0VGWlVsVkZRV1Y1YzJSNVVWSkVkeTlIVVZOSVQwMXlhMlI0VUVScGNteHFkMVZEZVc1TGFXaEVNVVJzUjBKTVJrZHpiazkwUmxKc2MwcEhXVXB4ZDBsTlZrZFpORTVtY210TU9VbENjblJyWTFocE5tTk5aa3g0WXpCeEwySTJlblYwZFdkblZITnJiMFZVTVZCNmNXbENZVnBLWjNwWk1uaExNVWxLY3pOV1JrZEdSWGhHV21aU1N6Z3dNbll6UVV0Sk1HOHlRelI2VERoUWVFdFJlWE5RUW1GdWFtTjJjRUpQWnpSbWNGVTBPR3BhVTFCck5EaEVVVGxRVWtaUFFXeEpXR2g1YTFCU1RXRmtZVmsyV25ReVJWQkxZamxFWWxobVYyRTJZamd5Y0dGNlZWSnJUMVZXY0dZcmFtYzlQU0lzSW0xaFl5STZJamszTVRWaU5HRTFZVE5rTnpBd01Ua3dOV1EwWXpGalpqSmxOV00yTTJKbU4yTmpaR1ptWXpVeU0yUmxOVFk0TldabE1qUXhaRFk0WXpoaVpHRmhZVEVpTENKMFlXY2lPaUlpZlE9PQ==', 1769674535),
('q45vxyxSgkjqMexjHCQBuKJn8XprkkThfDAcGlKg', NULL, '176.31.139.19', 'Mozilla/5.0 (compatible; AhrefsBot/7.0; +http://ahrefs.com/robot/)', 'ZXlKcGRpSTZJa2hLY1ZaVlNXdE5NbEptYWxKT0swNXJXVWhqU25jOVBTSXNJblpoYkhWbElqb2lkRkF6WVVGWGNuWlZRMmhFU3k4eVZsVnJVRFpSTTJabFV6ZHdkaTlyWXpZMEsySnBiMlJTYVV4WlNqVlRVak5PVVVVcmFsZElaMk5NWWtVdk1WVXdkamxyZVhFclJHOWhZalZhUzB4aGEweHdMMjkyTkV0MFdUTkROVEJKU2xCYVREVlBNVzQxZUdOVVUzWkplRmhtUW01MGIyMXVTM0ZwYkRSSk9DdFhNR1V6WTFaVlpEWldNMHd3U0Zoek1rcExjV2RVS3pKWVRYWXlTRzlPZG5WSFNIVjFiVFZqWW5ReFNGTnZhV2RCTDNCa2VIQmlXbVZIT0V4bVVqaGxORFIyY1ZweGN6WlRZMll2VlNzMFRGUTVXbk5GWlZKa1IyRk9iak5yVGpWbWVrTndTVmhwV1RkTVRWZzFWVkJJT1RGaWIwSXpkV2gwZWxOdE1sQnRWV1pxYzBnMU4yNUllVlpTZG5wVFRqZE1WVGh5V2pSTWVFRTlQU0lzSW0xaFl5STZJak0zTjJNeFlqVTVOV1JoTVRZNU5tTXhabU5pTldZNFpUZzJZVEF3TkdRMllqTmpOR0U0WTJZNE1EbGtOMlUzTldKbVkyRXpaV1EzTnpVNE5HUXdNalFpTENKMFlXY2lPaUlpZlE9PQ==', 1769714179),
('Qih0qSv7kMrho3l9Yc3tJIQtXnbzFnwtcjvsmxpu', NULL, '167.99.191.66', 'Mozilla/5.0 (X11; Linux x86_64) AppleWebKit/537.36 (KHTML, like Gecko) Chrome/142.0.0.0 Safari/537.36', 'ZXlKcGRpSTZJbEpKUW1KR1Zsa3dOVTAzU0doaVRIWTVVV3hPWTFFOVBTSXNJblpoYkhWbElqb2lkRFJKYlRkNGRFNHJLMDlGUW5Kd2JWTXdkM2gxUWpSVlVtZ3pMMFpaSzBKTldrTlNlakI0UlZkaFptUldhbWRIVWpodFYwa3dUa3gzZW5ZcmIyNDFRMHMxVTJzMFl6SlpOVm81Tm1SRVIyOXRjR2NyZEVkYU1sQkVObVpVZUUxU2NWRm9jRzFrTHpGWGRtSjBORVZMT1djemEyUlBkRE5WY0V4QlJuQmllRVZWTUhVMWJsQXJVM2sxVURrNVZWY3dObVpCWTNrMFNqQm9PRVZMVjJWbFRVaEZUVzlTVDB4eWVVTlZiMkppTVhKRlZWZFJiRFV3TDJ3dlIyaDRPSFpUVUVKVGFsaHJkRTkzT0hKdk56WkNkMlphVTFwUFRVZGpZMVIzVVdwV1VUWXhaV3BJU25aa05ERkdlbmQ2WTNWaVZteHdUMFo0VEZvNVIzQnVZMjFzUjBkclltVXdVVE5KVmxwU1JIQk9NVVpCY0d0RmIxRTlQU0lzSW0xaFl5STZJbVUzTldObE1HSmtPVGt6WVRVeE1XRTFaVE5tWVRNeE1qVXlNMkpoTnpkaFpUYzVZMll5WlRsak1HUXdNell4T0RNeU9UUmhOV05pT0RSaVlXSmhNRFVpTENKMFlXY2lPaUlpZlE9PQ==', 1769581440),
('qScKAXj7qVw36JpiFWXQj75F9PixYgfVjcdVPnWc', NULL, '149.57.180.102', 'Mozilla/5.0 (X11; Linux i686; rv:109.0) Gecko/20100101 Firefox/120.0', 'ZXlKcGRpSTZJak5DTlhsS01HaHRXSEZPVlhSMlNuZFpTbFF2YzBFOVBTSXNJblpoYkhWbElqb2laSGhpZEhKb1duSXdha3RyVlRsaFRtOHJWRGxIZWtOcWVVMVJUbkY1VFd0dFRIQXlObW94Y2tsQ1JEYzVRbWN2U1RjNVdITkNhblJFWWpSd1FtWnpWMjAwTm5sWFdIRkRNa04wUVRodGFHaHJWVXRHY1RVeFJFUTJkMGwxY1d0VVJrbzNWems0T0ZWWmVWSm9ialI0VVhOdmFuY3dhME5yWmtOU2RXbzNaR2c1UWxkaVpFb3hjVVJzVUhjMmVWYzFVbkpNVTBwcVowRndLMHN5TkhsMU9FZE5lRlJPYTFsVFVXbzVjVEpUV1RsTFMxZExUVWxIYWpjMFduTjFiazFPTHpWNlZVeEZTMWxOTlVKelFXbGpTSFpYTUZFdmR6ZFlZa1EzTm14U2JGUnJUSGxRYW5KQk1IaFFhRWRHZFZBMlVFZEplbVZNYkdWMEwxcDZSM2hYUlVrd2JrbDBWR0o2U0ZSUGMxWmtNemRqT0cxeE5sZDJabWRaZVcxNE4wcEVkM1JJV1d4bFluZDVaREZxYTB0cWNsQkZaMDlGT0RKNGRFWk5hek50VlZFaUxDSnRZV01pT2lJMll6a3hOamc1WXpFelpqWmpaV1JoTnpZMllqVTFNak5qTTJJM09EVTJZVEl5TmprMFlXTmtNRFptWmpNMFlqWXhOekF4TVRka05EbGhNRFJrTXpVd0lpd2lkR0ZuSWpvaUluMD0=', 1769631219),
('QzDNJVmskFDeIoUvgHqQVRb3RxCEznU1tPKNMF5h', NULL, '8.211.216.246', 'Mozilla/5.0 (Macintosh; Intel Mac OS X 10_15_7) AppleWebKit/605.1.15 (KHTML, like Gecko) Version/17.2.1 Safari/605.1.15', 'ZXlKcGRpSTZJbGx1UTNsaWQzUXdURkJ5ZEVKTGRqY3JkRU1yTVdjOVBTSXNJblpoYkhWbElqb2lLMjVVVUhONU5XUkRVRUozT1ZOeVpEaFBOekZyUkdKWk5GcG9WSFZ0WlcxNmFESnJNVUV2UTNaekwyVkhUR2xrTm5WNE1GYzNOa05oTUdSa1QzRk1kbEZNZURad1oxSlpTMmxaZW14bFowRnFOM0JEZG1ORFVuazRablZuTjFCVE9IQmlURWtyV25wRVJteG5ka0l5UzNGTWNsZERiM0ZxWW1NMFltdGpRVWhFTWtaRFJFSldNR3hxUjFwbWFscDNjRVZZUkdSNmVDODFSamxsUTBWNlkzTjRZWEZvWTAwd2FXSldZbGd6ZG5kVFdUTjNabEo1YlVkNFRrSnpkakZLV1ZSaVJrZDVaVWRTZUZOd2NrUkRTMk5EYW5jNFpEYzNiMjg1Tkc1dFkyMVlTV0YyWjBSMmVHRm9jV1IxVjJ0eVRESjRUR0ZqVG1kcE9WcE1TMWt6T0daUE5XeExjSEpDVEV0RFdsQkdTbVpRVFVSQllWRTlQU0lzSW0xaFl5STZJakF3Wmprd05UaGhZakU1TjJJNFpXTTJPV0ppWW1ZeVkyVTNZalEyTmpnM05tSTFNREl3WmpGa016WTVORGc1TkdRM1pHTXhNbVk1TlRRellURmxZVGdpTENKMFlXY2lPaUlpZlE9PQ==', 1769596300),
('RB02WBP6U6iaLhnwnNH4pnhI7ZEfaKwBajZAG7D2', NULL, '42.240.130.22', 'Mozilla/5.0 (Windows NT 6.1) AppleWebKit/537.36 (KHTML, like Gecko) Chrome/49.0.2623.112 Safari/537.36', 'ZXlKcGRpSTZJa2h3VEVnclJqVjJhVWw0WkdsUVQwbzBVRTF6VkZFOVBTSXNJblpoYkhWbElqb2lkbUpLWjBaM1MxRm5XRkozV2psSE1sZDJWbE5HVVZKMGRUTlJXVnBIY1dGRlFVaE1XREZqY1VOQ2J6SnFjR3MyV21WS0wxUlZNWFpNVW1OU01YZERSMEpETTJKNFJFNVFZakZXWmpWQ1UyRXJSVWhSVDNkVk5XZERVVzAzV2pScVdGUlZhMG8wU0haaFZrdzVjMXBwVjFKQ1oxSnlhV2xDYjJKU1MwUlZjVVp2WVRsaFlVUlJURGgxTUZjeGFGbEVNa2xNY0VabmJIVkxWbTlZTTNnMVNVZ3ZWbXc1U0RsUVJpdFRhWFpZYTFvMWJrOTNRWEJLVWxNdlFrRlpjelJ3WkRKd1EybEpPRkZLTUhsTWQwWjJSbFYwVEdaSVFYUkhPVGRIU1cxNWNTOU9SM3BYVm5GNk5XMXdVVmsxVDJWRFJWcHVOWHBJVGswdlNuUkZhbGxZUTBSNFIyUkRRVmgxVDJSUE5VMUxWbFJrTUhoRE5WRTlQU0lzSW0xaFl5STZJak00TURWaU4yTm1ZVEk0TkRKbU1HVTJOR0ZqWkRnek1tWmhOMkUwTjJaaU1UYzJaamxrTlRCbFlUTTRaVEJoTUROaFpUSmtaamt5WW1ZMU5HSTVOVEFpTENKMFlXY2lPaUlpZlE9PQ==', 1769600800),
('Rk1f0F9k5qZfxJ8kRtD7LSGtXyplv8rFkgycogHI', NULL, '152.32.128.85', 'Mozilla/5.0 (Macintosh; Intel Mac OS X 9_0_1) AppleWebKit/576.39 (KHTML, like Gecko) Chrome/62.0.2004 Safari/537.36', 'ZXlKcGRpSTZJbll2ZHlzd1NUZEtNWHAyVXpCQ2RuQm5OV1lyVDJjOVBTSXNJblpoYkhWbElqb2lVR1J0TVcxbUswNWlSelZEVkdwaGRreHdhR0ZCZGpsYWRuazFSRmhzV1hsUldXeGtaWGs0YW1WbFRFNWlkVUl4VFN0RFpsZElXbTVxVTFkMGJXNU5RV1F6YlZkTVluRjBPWE5RTW0xUWEzaEdOa3N3ZDBrdk5VSXJXbTEzYmpJeE9XZGtXRzl3YUhOa01uSm5NVVl4TUcwNVFWVkdTVmh3ZEhaMlpXeHpRbVJtZEVWck1uTnRaVEZ3YVdNMVJrOWpibEJIYVV0V1pXWlBjR3RxVmpaRWRWZFRlVlJWWVhKa1lVTlhXV1oyTVZaRkswMVZaMjlaV21aamVsRndkWEpHVjNsMFMza3piVUZtVnl0a01XbFdRaTkxVG1GUGREUTRjbkJ0Vm5CMmFqRllWRmN3ZUdocE1VcEpZbXBHTVVoTVZreGxkbVZUUW5CRVJHbEtaa3h4SzNOdmJETklTWG81Y0dwb01rRkZNakE1Vm5sNVlsRTlQU0lzSW0xaFl5STZJamd5TlRGall6UmlObVprTmpJMlpXSmtOMkpqWVRnMU5qY3dPR001TjJFd1lUaG1abU0yWlRBeU5XVXhORGN4TWpWak5XVTBNR0ZsTURKaE9USmlaV1lpTENKMFlXY2lPaUlpZlE9PQ==', 1769690534),
('RqGu8u5AXVTZlCJ5sOLYwP2veX1GxrOLEt7GEE9S', NULL, '152.53.195.17', 'Mozilla/5.0 (Macintosh; Intel Mac OS X 10_15_7) AppleWebKit/537.36 (KHTML, like Gecko) Chrome/142.0.0.0 Safari/537.36 Edg/142.0.0.0', 'ZXlKcGRpSTZJblUyZWxkd2RqVlJiVUZ0Vkc1aGNVaGpkbTVoYVZFOVBTSXNJblpoYkhWbElqb2labUY1TTB3emJDdFNZVXRCUW1SYUwyYzBaVUZCV1dSWU9IQklaRlF2ZVVac2JtRldjU3R3ZEZwUmRrRmxZVGRFVlRGcVltaGlRVTlWV0dsNk1pOVpRMEl4TVZoSmF6VnVRako2ZEhOcVlUZFRTbE50ZERWeWJUTk5aVk5pWVhFMFdGQkljRGxEVVhodFFWZDNjemd4Vnpkd2JETjFNRU13T0ZoQk9UQTVWemd6U0RCd0x6WkJXSEIxVUc1RWJ6TlNZVkpFVmxvcmJsVkpNbEF3UTNBMGJqWk5ORUpoYkU5a05rVTVSMVpPVVZwWlVrTndPQzlZWWt4allqZEJSazEzVVdsa2NWWlhhMFp5UzIwMVkySkpiV1phV1hocmNGWnNUSE5aYW5SUmRrTkJjM1Y0UmpZck0zUXJPVTFtWTBwUFZqVjFjVGQ1VkV0bVIzaHVZMmRDWTJGSWMya3JXV3h6WlRKRVFUZDBRbW8zUVcxQlZFRTlQU0lzSW0xaFl5STZJbVkxTlRSall6UmlPRFkwTVdJNVpqQTBNR1U1WVRRM01HRXpZMkpsWldNeE1XVTRaREV3WlRBMk9UQTJaVGRpWVdRM05USXdOVFZoTVRKaE9EaGlaV1VpTENKMFlXY2lPaUlpZlE9PQ==', 1769688178),
('SBsxsfdlY3oVSHrhI3Km5Ee7vT4AMRYZBxN1wBxX', NULL, '8.211.201.128', 'Mozilla/5.0 (Windows NT 10.0; Win64; x64) AppleWebKit/537.36 (KHTML, like Gecko) Chrome/120.0.0.0 Safari/537.36', 'ZXlKcGRpSTZJbkJOWnpKc2NIUkpPVEpuTUdSaGFHWkNhR3QwWjFFOVBTSXNJblpoYkhWbElqb2liVVV6WTJwTFIxUk1ObGhQYkZwdVVHMUhNMEZ2YlhJMGNtcEdVU3N2WldJMlVEQmxRbWR3Wmt4U2NHSm9jazVpWTI1SFNuUnVPVkpMVUdWUVRGVldkMDEwYWpNeFZpOWtia1E1VG1ZclJqbHRRVTlhVVc4emFHVXpVbWMzVkd0R2VqVnBVell5V2xCclpISjBRamMyYlVReU0xVldWamhzUTNwQlNrUkNlWE5STWt3MVZIWndiek5rTVhGclZuaHVWVmxtSzJ0a04zcEVZekJNVkZjdlkzUlFXVVJ1VFhGaVQyNHlhazFzZEdKcVNuTlRWWEIzYkdKSWJraFdXa2cxYTNOalJFWlFNMFV5VTFOaUsydGFSbXh0UXpOTGJEUjJhMDQ1UVZRdk9TczBkMEpaV0ZCSE0zZHZPR2Q1TlRoTGFYcEtjRTh4WkVaWE9WSnJhaTgwUkZGdFJHRlhiWFJuZFZCQmJWcDZPVTQ0VG1JM1drRTlQU0lzSW0xaFl5STZJbU5qT0dSaE4yTTRNbVZqWmpNMk5XRmtZV1UzTXpNM1pqTmpZVFZrT0dGa05ESTVOVGt5WmpJelltWXpOV0poT1RFMFlXRmhNbVkzWW1ZeE1HSXdZakFpTENKMFlXY2lPaUlpZlE9PQ==', 1769596276),
('SmyDvLcimCzhLebCLrW1YxHtk6rhVi9vmquVFLcr', NULL, '44.196.29.182', 'Mozilla/5.0 (Windows NT 10.0; Win64; x64) AppleWebKit/537.36 (KHTML, like Gecko) Chrome/133.0.0.0 Safari/537.36', 'ZXlKcGRpSTZJbTlTTldkMWFFSmpVeTl0TUdwWmExWTRLekpuVTBFOVBTSXNJblpoYkhWbElqb2lVa1ZaY1VKSlIzaHFUaXRVUkVkamVrUllkRk0yY3l0blNuTm5WamgzY2tkNWRHRnhVVWt6U2xCRGRYVXlkMk41TlhGWlltaHdVRkZFZGt0eFZuWjJibU14VEhweFQyWkdObFZqUVVKb1kzTnNjSGhXUjBWb2RIZFFXblpITTIxb1RHZEZTek0yYTA1eGQxWnlXVFJJTDNJNWQwMUZLM05LZUdsNk5rOUNkekk0Y1d0UE1rcFJRbUkxZW0xWWQwTTJVVWR2VTJNMU5FbHpielJUYTBaNVkwTlJTbTFaV1ROVk1qaEVaSFZyTmpaaFNVdFhjVmh0UTNFMGJDdDNTa0ZzUjBaMVV6TnhaV0k1VlVaRmVUZDJXWEJ6VFhKbldIQXlhbTlqV0djNFVFNHlOR1ZrUlUxUlpFUnBiWHBpY0dSQ01YZzJURWswWmtKU2RrZG5lbUZHTnpRMVREUnlRbUZ2VXpGdFNIWmpOMUpCU1dOUlFWRTlQU0lzSW0xaFl5STZJbUl5T1RKaVpUQTBNbVprTVRFMk5UTmlOMkV5WVRFM05tTmtaamN4T0RReU1EQmhOR05qWVRBNE5tSTROV05sTWpsa09UWmhPVGczWXpoaE9HVmlPV1VpTENKMFlXY2lPaUlpZlE9PQ==', 1769620118),
('taJcTZ8VdvpIL2NwiXlI7XWgFD6VaXlcpUkjjdWW', NULL, '44.196.29.182', 'Mozilla/5.0 (X11; Linux x86_64; rv:109.0) Gecko/20100101 Firefox/112.0', 'ZXlKcGRpSTZJbmx3Y2tWcGRrWXJaSEpQUVZOV00wMXVha1ZPVkhjOVBTSXNJblpoYkhWbElqb2llVk5oYkhvdlJYSlZUQzlGVEhjcmNYVkdPRFZaVDBGcFUxaENZMWg1VUV4SVZ6WjBiM3BTY1ZrMGQyNUhZekJDVWpWQk4weDJkMDVHUTNGeVNFVmxVRlp6ZVM5eE5GTjZSMmxsU0hCRlJucEZZakJ6TTNFMFExcDJXVkZ1U1RNNFdHMWlhbWxUYW1Wd1dVZDZLMWhhTW5jM2FYZHFNR0YwWms5Wk5FNWlRelpRVmt0Uk5GUmhWSEpDTDJ4MVpXMWtWVTkyVmxCMVFWVkplRGRsYVV4cVVVRmlNSGhJUVdGdWFsbENTVzVaVnl0ck4xaGljRTFUV21GbFJuTjJNbU5WWWtGa1dFa3dXR2hoYTJkTFNteDRNbFpHUzFKS1JsRXdaRkpzU25SNGVGUklOamQyTW5wb0x6Um5hRXhMTkhwQ05EVTJibVpIUjBOc01IRmhTR1YyVlRSTWVEbGhSWE5HVW10R2FVUkdUR1pzY1ZvclZrbHZPWEpsUlRneFowTlNXVTFHY1ZCM1ZVODRZVkZPVUdKRk1EaDVWbGh0T0RkVlVubElTRVI1ZFRFaUxDSnRZV01pT2lJNU5EQXlOV1k0Wm1JNE1qazFOekV3TVRNek1XUXpNV1U0TURKak1UY3lZMkkxWkRjMFpXVTVOMk5sWVdNeE16WXhOR0V3WldRek0yTmtOV1F3WkRKa0lpd2lkR0ZuSWpvaUluMD0=', 1769590909),
('tczqonNqZDPigPrAPsmL4VmyCvDdYwC6V2kSjH89', NULL, '66.249.64.129', 'Mozilla/5.0 (Linux; Android 6.0.1; Nexus 5X Build/MMB29P) AppleWebKit/537.36 (KHTML, like Gecko) Chrome/143.0.7499.192 Mobile Safari/537.36 (compatible; Googlebot/2.1; +http://www.google.com/bot.html)', 'ZXlKcGRpSTZJbFJNVVZFMU16WXZOMGgyWVRONmRWWnFTREV6VldjOVBTSXNJblpoYkhWbElqb2lRa1JwTjBadFFYTkdNSFZHT1hOdlFYSnJVMEZVVEhSU1dVeFZhVlpoTWpBNFpFb3daMlZPZUhWSVZsbDRjMDlDYUZrelVHc3pVbnByVjBSQmNtaE5iM0JZZW1wRlZFazRWRkpyWlVaUVZtOWlabmN5WVhwVk5HNVNWMHB4U0cwekwybFJRWGhNZFhjMmJWSlJXa0YwY0U0NWVXZEtVV3BRZWtaa2RXcFhlWEZXWVRSUlZsRkxjRFZaYjNabVMzSnJhRXQ1UnpaM2NTOWhkVWRrTUdseFNHdzVUM0I2WWtZclNsa3dWRzlzWlV3NVlUVkJXVXc0WVdkYVpVcHFObmd3Ylhwa1ZETlRhSFZXVTFWeU1UTjBlbnBpVW01WmRsVklaVFJMVFc5Q1FUazNWMk53Unk4eFlVaExWbXhCUzIxSmRXdEpLMHM1YWt0RGFEZHNUR2hwWjFadk1XVTNXV2xVVkVobVUzUjZXRElyYUc4MFoxRTlQU0lzSW0xaFl5STZJall3TldFM05EUXlZakEyWTJabU5EZ3daVGxsWkdabVpqY3lZVGxqTnpjMk5UUmlNV0kzWkRkak5XRmtaalZoTWpReFpERTFOVFV6TnpCall6RTVNekFpTENKMFlXY2lPaUlpZlE9PQ==', 1769622505),
('tePDX8XqNVXLLuWxsEnwHGfzNbDGlNJXfokExjUG', NULL, '42.240.130.22', 'Mozilla/5.0 (Windows NT 6.1) AppleWebKit/537.36 (KHTML, like Gecko) Chrome/49.0.2623.112 Safari/537.36', 'ZXlKcGRpSTZJblEwV1ZSVGMyZHZiRXhPU2tKNVFrdEdLMUYwUjBFOVBTSXNJblpoYkhWbElqb2ljV3hLV2xvNVNEYzVVbk5XUjFwclJYZEVPVGhIZWpWRmVreEtZMnBIY0ZaSVlYVnlkaTlPVkd4UEwxUnVSVEZZWjFaRlNYa3hZMDFEWW1GNFNVcGlZbVJpU1dkb05FOXBNakpCYVZWbU1ETkdNelJSWkVoM0syNUhNVVJuVFVSalIyOUJkVGh5Wm5sdVkycHVNalprUmpJMGQxaFBjekpGYjFVeFJrWmthRmhFT1RaVFowZE1kakp2YUhGU1NFWktRa05tVXpZeEx6ZGtVRXhIWWtNeGRDdFBSakZWY0hGTFltUkRZVVU0YzFsWVVtZDBOVXBrYm5CQlFtRkpWMlJtZFdGcVNsSkZNbWx5V0VaR1p5OU5lVGMzUkVodGNXRnZURVpKUlRWSVJIUTViREZ4Wm1SMFZpOVBLek5oYmpCR2JqQjNOVlJaYlZSSk9FMDJSMVV2YUZsVmJUVTVielp6Ulhnd1dTdFFZazVhTkhSMksxRTlQU0lzSW0xaFl5STZJbUkxWXpBMFpXRTVNVEpqTVRWaFpHRTRNamt6WVdKa01UTXdaVE15T1dWa1pqQmhZelJpWXprd1pEWXhObVUwTkRjNU5qWXlZekE0TnpsbE5tVmpOR0lpTENKMFlXY2lPaUlpZlE9PQ==', 1769600805),
('tUGdAbaN3OHMSpEBvTX5HwrTw44ySIpyBg4vPBbl', NULL, '121.127.42.69', 'Mozilla/5.0 (Macintosh; Intel Mac OS X 10_15_7) AppleWebKit/537.36 (KHTML, like Gecko) Chrome/114.0.0.0 Safari/537.36', 'ZXlKcGRpSTZJa2hPYVRKaksweDJZemRZUm14NmNVdHdVVlJSYmxFOVBTSXNJblpoYkhWbElqb2lUVWxxSzJkM1RHeFRZVmRWUkhkeFZHTkNSR2x6YlU0MFdIaE1ZemgyTmtaSWRrVXpZMUpsY1c5emJVaERaRmh4ZW1KQ1RITTBXbm94YVdST2RXOXJkMWswS3pOalJHaDRRbE5aWmtwT1RVMW1jVk50UkhKNGVTdFhORlpwT0Vod01XUndTVTFIYURkWmNWcDFSVE5VVW05cVdrSmhSblpKVFdoc1NrZFdjMjVFZVV0eVNVZEhlbGg0ZVVscVprOUtZbmhUT0hKV1pFWjZiV2haWnpkc1p6UmljRTlGVERJd2MwWlViVmx5TDI0eWNrUlBWR2w2YkN0NmExaG5kM1ZMUjNBMmJrNWxiRWRVTWtKSFVrWTBlR0l2WTJwcFNGZFRUbFIyZWxaVmRqaGxWblpaTm1ZclUyaEZVMU0wUlZwS00weHhaV2N6VURWRWFtMTZORE0xSzJKMU9GSkhhVXREYnpod1RWUjJWV2hpZUV3dlJFRTlQU0lzSW0xaFl5STZJak0xT1RJMlpUZGxNV1JtWkdOaFkyVTFNRGN4TldGaE1HUm1OVGRsTnpCbU5UUTBZVGswWm1Oa05ESTVZMkZoTmpKaE1qaGpOems1TmprMVpqQm1NMk1pTENKMFlXY2lPaUlpZlE9PQ==', 1769748158),
('TUK0J1ItMXCxUT48xGpMZlG0knufLrCWNr3TqN9y', NULL, '101.249.62.131', 'Mozilla/5.0 (Macintosh; Intel Mac OS X 10_15_7) AppleWebKit/537.36 (KHTML, like Gecko) Chrome/121.0.0.0 Safari/537.36', 'ZXlKcGRpSTZJbWhIV1VNNUwzUkNNa3R2UjAwMWF6VmphWEJFWkZFOVBTSXNJblpoYkhWbElqb2lUVXRYUVcxTmJXdFNVM1UyUVZvM1dITnlUa3BtUm01M1IwdFpWWFExV0hOWVpIaHlRbGd3TUVoMUwyZEVlV1ZCYVZsbWQwUTRVa05KZFZoV1NFNWFVbUl4TnpOdFQwRlllV05MTHpSMFFtSjVSbHBhTkhSaE56ZGpNbGg2YkdKMWNrODViM2h5U1hKSFZ6UkJSVGx0TldsSlQwUktiMnhDVTJGMVZ6bG1MMVEyUkVobVJFWnZTVE5sWkRGMWNHWnJlU3M1Y1RkTWEzaHJkRUZGTUU0MVZETTJaVVIxTldOclQyOUlVVXhUUVZST1VUZE1jRFI2Tmxad09URXJZa2RZVFdvNFZIVmFPRWhLWW1ZMFowMVBPR0pPTHpGa1EyMXJNVU41VDFOMGRUUXhkaTkxVEU5RlZ6TnZiVkJpYjI1MFRGTjBkak5WYkdRcmJXNXpRWEpKV1hSdmRGZEdaemN4WWxGR04ybHpiRVZpTVdVelJtYzlQU0lzSW0xaFl5STZJbUUzT1RjNFpXVmpNalZsTkRFMk9ETXdZV0UxTWpZd1ptUTRaakEwWmpoa01HVTRZbUV3TVRZMU5ERXpZemhsT1RJd1lqZ3dOekEzT1RSak9ERmtOVGdpTENKMFlXY2lPaUlpZlE9PQ==', 1769668000),
('uaQeWZxsCWBuN91pYwRY4LAqFFg0pbqNUNysqatY', NULL, '139.59.10.148', 'Mozilla/5.0 (X11; Linux x86_64) AppleWebKit/537.36 (KHTML, like Gecko) Chrome/142.0.0.0 Safari/537.36', 'ZXlKcGRpSTZJbTUzTjFsblVqQm9XakoyWkdwcWNreE1Za2t5ZFVFOVBTSXNJblpoYkhWbElqb2ljRVJyVFRkNmJsWnpaVWxXZFU5MFoxaHFTak40THpFclJWVnhZWE5wU0RBeFV6aDRPUzg1Tm5JMFRHMUZaMHBWUzNCRFdURkpaRVJYT0dnd2JXTktWRXRRVFdkd1NIUXhaMUZtYTBKaFlreG1lalIxU0U4MlpHSnlkbEJDT0hNMVpGWlBXVWxLVkRKT2JFRk9TM1IzVkdsNlowZ3dSRGwwUWxVMFduUllRVXhhTW5acVNrVkdUM3BoWjFGa1pXSTJZamd6UkRCb2JuTjBWRzFPTUN0eU5TdDRkbXhtYTBadVpGTnhOazFFTm1sV2MwSTRWVXQyY0cxUmRsVXdUM0paTWxaTVdVSkNWQ3N2ZGpSeGN5OXRTVlpOU2s4eldVcHhabUpoVG5ZemVURjBTV2h3ZUVKWlRtVlRVbUZ6UW10dWVrTnZVelZJYjNadmRWWjBNSGh0YlhGS1ZsVkdVVGhWUkdOaWFtUkhORGcwT1c5RE5HYzlQU0lzSW0xaFl5STZJbVk0TTJWbU5UaGtPVFV4TWpBelpUQmpNbUk1T1RRNE5XUm1OalkyWlRaaVpERTFZV1l6TnpjNE1tRXpNV05pWlRkaVl6TTFaR0prWlRBelpHUXhPV0lpTENKMFlXY2lPaUlpZlE9PQ==', 1769569432),
('uE70wMuj1xlSUcDANS4DBdRMaEOtVzHoYvTvHIxS', NULL, '47.76.249.245', 'Mozilla/5.0 (Windows NT 10.0; Win64; x64) AppleWebKit/537.36 (KHTML, like Gecko) Chrome/121.0.0.0 Safari/537.36', 'ZXlKcGRpSTZJbTV3Um1oVWEyNXlRV2RJUzFsNVJVTlhkVlJFVEVFOVBTSXNJblpoYkhWbElqb2lZbVU1TVhoVmJ6ZzBSWHAyVGtGMlp6VXZOMFZqSzJkc1JsaG9RbVI0T0Rkc2JtTldWV3Q2SzFOYWVHa3JZbTByTVdkdE5HNU9SRUYxYUVWNlVTOTZjVWhDVVdwUVlXWm1MMEYzYzFJd1FUQTVaVUpsUmpSbk5qTnRka056ZVdaaE1UZGxhMHB6VFhwYVdtaG5TbUZQV1ZGRloxRkNNVFJJVkRWTVRsZEhOV2xEUkZaRWR6ZFNXbGQ2VEZkNllXdFBTbEJuWkZCMlMxVlFURWx4UmxSeGEwMWxXa2xSVFdoSlFuUlFPWFUyYlVaT2MwOTBUM1pFZEZrMVJYTXJWVWwwVG5sUk0ySXpORWs1Tm1SWVQyUk5UWEZIWVU1TVVtdEtiazFPVDJWeVQzQnJNbVU0YVZkQk9XdFJkV1ZvVkZJMVN5OUJZMnhWWVd4aE5VcEJPRGMyTkhWU1dqZDZTVVJYTW1GdldXNWtSbEkzU1VRdk5YYzlQU0lzSW0xaFl5STZJbVJrT1RFeU9UZGlZVFZsTXpZeU4ySXhOR1U1WkRobE0yTTVaRGd4TVdSaE5XUmlZekUxWWpRNU5XTTJNVGMxT0dVNU0yRmtaRFExWXpNMk5ETmlOVGdpTENKMFlXY2lPaUlpZlE9PQ==', 1769596287),
('UhcwtCzparyMKBRMBMheF4fg723uylpGmanA1nXC', NULL, '185.177.72.38', 'curl/8.7.1', 'ZXlKcGRpSTZJamhYWjAxelpsQlBOSEoyWVdSMGVHOUNOVk5DWW5jOVBTSXNJblpoYkhWbElqb2lZMHB0TDFsMGFsb3paakkxYlV4cVEyNXBURWhoY1hGelZHRlNaSEp0ZEZKUmQxaDBOWFJGUTBSQmVXWTBWRkpzU0VwSVZUQmpSRE5YY1VkcGN6TXlTMXBhY2tFdmJEUm9NREV4V21kdFZERkxVemhoUm13dlZGUjNWR1pMVG5CME1rRmtPVzFVVTJocFRUWlFVRWR2YmpsVGRTdHBhU3R2YlVGb1lubDZjV2xMYmpCclZteHpjemRrTXpGR01ISjRTa3RIY0U5T09HZFZVREY0YjNaYU56Sm5WazRyTlVsYU5WUkRZVll4TUN0clUzY3lTM2hrV1ZGNWFTdHVMMmhJYmxSRGRVaGtiRWxPU21ZcllVWXlaVUp2VlRGd05FdDJkbGhxYjIxUGNEaERaRkZKVVZKUkwxbDNVRFF2Umt4UmJ5OVFTbE0zTjJ0eE1sVlFjWEUzV1ZkWGRVbDJhR1p5UW1WeU5qRnJRa1JCYW1KeFpXeG1WQ3RSUWlzdmFGQlBVREpQTHpCWGJYQmFkV3M5SWl3aWJXRmpJam9pWkdGaVpEaGlNVGxsTWpReE5EWXlZakZoWm1GaE1tVXpZV1V5WXpobE1UUXhOV0poWmpka056STRNVFkzWlRNd05USXhaamRsTWpoaU4yTTBNV0V3TmlJc0luUmhaeUk2SWlKOQ==', 1769734331),
('uON9g16br4J6oOEjHMm7SqBhOqAXzW5NJXiRmQpk', NULL, '185.177.72.38', 'curl/8.7.1', 'ZXlKcGRpSTZJa0pNUTFsMlFqbHhTRzFpVmtjd1l6QlVOV0pyVEhjOVBTSXNJblpoYkhWbElqb2lUMk5PZERaSlJWRmhhVE5uWmxaR2VtVk9hREU1ZGxacVRFZDVNMDB5TUZSdFFqQmpTbGhTUm1OUGFGUkJPVEpqVkhvNFJqZ3dTSFJoZVhoUWJWTXZUVXBWZGtNM016UmtZVTU1UVhOQ1RVaFVhRXR6VUVSMVVUSnNkM0ZWVVVKWWVsbEdMMk5JUm1WbU1rRkxVRGxvYlhKV1ZEVnFaRzlZWkhOcVRVeGxZMVJPVTNOVlZYaHBVMVpEUjJkRmRtcGhZMU5tYUZGWFoxSldWSEJGVVZFMGNYbFRVRUl3WTFGRmQzZHZXVFo0VVVkbFRtVjZkVmxuVGxwek9UUlROMlY1YlRSeEsxUnpZazF2U0RSRVpGVjROWGQ1WjFvM1ZGcDFkVTVtUjBrdlpFOVRORFphZVhSaVUwZzRhV3BXY0c0eEwyc3hRVGxNTTJVNVVuZHZiazl3Tm0xRlNEUmpMM1YzVlVWTlMxZGpkazVqYkM4MFdreHdMemREVUZWNFJFTkdUVXAzVkUxc2RreEZNR3M5SWl3aWJXRmpJam9pWlROaU9UZGtaakF6WVdNek16QTFNemMwTmprM05UQmhPVFF3TURObVpERmtORFV3TVRWalpUQXlabVl4WWprM1pUTXpaREk0T1RNek1qTmtZMkU0WWlJc0luUmhaeUk2SWlKOQ==', 1769734338),
('UQe2i1loLOWXZtWPgpnKksvIQOxRRNapZozdUFMD', NULL, '90.231.56.134', 'Mozilla/5.0 (Windows NT 10.0; Win64; x64) AppleWebKit/537.36 (KHTML, like Gecko) Chrome/124.0.0.0 Safari/537.36', 'ZXlKcGRpSTZJbmt4WjJGVGNXOVBkbVJPUm1OaVNuTlFaRGRwYlhjOVBTSXNJblpoYkhWbElqb2lWM0o0YldkRlZsb3JWM1pDY0hGQ2EzcDBUMGRSZUZscWExSllUSEZoTUd4MU1uTmtPRmcyT1d4eWVGZDJiekJDTmtwRFFURnljV1k0WjJWS1VuVmxablYyTm5KWlFVSnBXalZQZDA4MEsxQXpjemRoTVdNck9GaG9RVk15UWxwbWJHazVWbFphTmtWcE5tTldkalZHUjNNelNHUTFkRzh6ZVhOV1YwczVWazFUV1UxbFJua3pZUzlMUkdodk5WRmhSbkozWVhVMmFsbFNhakJ0UVhCa01VWTBla1JDV2pWbE5VaEhla1phY2xkMFFXcFdkVXd6V2pOamNXbFliM1JWYnk5SmNGb3ZTbkpST0VkQlJWWnVXSFJxWVM4NFVWVm5XbXRTTVZSNlVXMDBiekpYU0ZFMFlsZzJXVGhXTW1ZeVVWZHVVU3Q2ZW1aS2RXcHdWRTExT0M4M1oyazRTREZFYUZNNVJuSXpaMHQzWjFWa1UxRTlQU0lzSW0xaFl5STZJalJpTldNeFlqazROV00zWldZNFpXWmpOREZrTnpabU1EYzFabU0zWXprNVkyRTFNVFJpT0dKbVl6WTFNelF4TTJVd1pEaG1OMlZtTVRsbU5XSXpOeklpTENKMFlXY2lPaUlpZlE9PQ==', 1769655919),
('uqJRij9t1kIYglGAWHI4WCridosYJ9aSrWjMCTDH', NULL, '170.106.192.3', 'Mozilla/5.0 (iPhone; CPU iPhone OS 13_2_3 like Mac OS X) AppleWebKit/605.1.15 (KHTML, like Gecko) Version/13.0.3 Mobile/15E148 Safari/604.1', 'ZXlKcGRpSTZJbVI0UmxsbU5sTm9NMFo1T0RCbVVFUXdOSGhsYW5jOVBTSXNJblpoYkhWbElqb2lWamxhUjFOTGMzTk9RVFZYYmt3eGJEUkhabXhVVkd0NU9UTnpaM1ZHU1U5M2RUTTBlbWhSWlRsMmVFOVZOR2Q2YjNkVWJqZ3lURWd6YVN0cWMzTmhWMFptTW5sck1XWkhMekZPTVVZNVNrOUxhRzFhWm05bFVWSTVSMjlUUTJoeFJHSnlkRzhyUkRZNGVuQkJiVVZDY1hnclZsUmpjbVZvZVZreVR6RmlOM3BqUW5CM2RFbE1ka3hzTTFVNWVWZDRiRWhhVTJaaVkyTkJSbXBGT0VsSFZWQnFWRlE0Y0M5VVJTOUxhM05LZVZWek1GTlJOVW8yZEdGUmRtNUlZMFUyZDBoU1l6STFSRkpOUkhnMVZrZFFTbmR5TmtscEwwNVZkVnBaUTAxT2QwWmFVM0JGVkRKa09EVkhMMHBxVmxwcmNHVm1VaTlTUkRKV09XNXpPRlozWWtNd05UaDBlbTlOU1VGWFZrTklXalZ0VDJOMlFsRTlQU0lzSW0xaFl5STZJbU0wTWpKaU56Z3daalJsWWpZd09USmhZMkppT0RoaE1qaG1PR0V6WlRFMk9EYzFOMkl5WmpnME4yVmhOekV6T0RGbVlqWTBPVFZqWm1GaVpXSTJNR1VpTENKMFlXY2lPaUlpZlE9PQ==', 1769652139),
('uqRF4VrfMDh8IXTUau3mizRo8tEoNZ9FwIU9RBGc', NULL, '44.196.29.182', 'Mozilla/5.0 (Windows NT 10.0; Win64; x64) AppleWebKit/537.36 (KHTML, like Gecko) HeadlessChrome/131.0.0.0 Safari/537.36', 'ZXlKcGRpSTZJazQyU2pCMU1WbHZLMHh0ZEdkUVMyazJhVVI2Y2xFOVBTSXNJblpoYkhWbElqb2lVRGxtV0M5dmJTOTNRMUIwTVZsc2JtMVhORmxoWWxwVk5VMUtabVpsYUVzek9VbFhkbmhxTUhOTVdXSlVhSHBIUmtSM1YwWjNaSEo0V25oWVdtbGFTelZVT1M5U1ZsSnJNMnQ2VW5Wa1YyUTVPRm80YlRoTFluRk5aVTFKUW5WUFowZFllWE4xTVRKcWRIUmlVVVZFVkc0MVRHZFJaRGxEYkRSM2FGZ3ZORlpHVFZWM1ZHNUlSR05GVTNOb1dXUXhiMEY1SzFab2JEWm1PVmhzWlhKUWMzbDVNbWt2U3prMVMyeHZibTU2TmtKMVVuWTNjbWxzZVRWbGIwbG9aRFZYU25wSFNVZE9UR3hYZG1SVVl6RTJiVk15UWxReWMzRjJaSGQwU2pGRE5rOTRhRGhuVFhsYWQxa3ZLMXBoZUhkaFVHcENabnBTY2tzeWJIbENhVTFGYjJGSlUwTm1jV2RHZWtwd2FHRXhWMUJSTHpWQlVuYzlQU0lzSW0xaFl5STZJamRsTlRVeVlXUXdOVEkzWW1ZeE5UVTJObVUxT1RKaU5UZGtaakF6WkRreU9Ea3pOemRrTUdSbU56VmtNalUzWVRZM1lqSXhZelpqTVdNMVlUSmtNRGdpTENKMFlXY2lPaUlpZlE9PQ==', 1769620118),
('UwFEIzwuFmSE9N6U3cXlUhKIc3kp7BikNTBABe7V', NULL, '185.177.72.38', 'curl/8.7.1', 'ZXlKcGRpSTZJbWRIUlhaMk0wcE5Ra3BqV0hwaFZYUkljRzByVVZFOVBTSXNJblpoYkhWbElqb2lkV2hSZG5ONFEyNXVRVUY0T0doSGJVTlJha1UzVjNaVVFrWTRkRlExU0VNM2FHY3JVVUpvY0hWNFZsTkxWVmRrVmpkTk5qUnRUSEJNZEUxRFRXVnRXR1ZoY1hVMVEwMDRUbEpyZEdoRVVVWnJRaTkwUkdOT1QwVjZXREprZFhjNVVVSjRlRE13ZGt3MWRXNVpORlJhWVRKdE4yTnphRFJJVUhoUUx6bFhRM2hOVlc5cU9IRXhObFZVVjJWbWNEZHJURmhHVUdGak5HTldkblp0VEZkeVoySmlMMk5MUkhod1ZEVlNWR0pPU1ZCSmF6VXZPVnBpTUZndlREQnBSRVYwVTJzd2NYQjZOVmQ1V0U1MFFta3JTRXd5V2s1VU0yWkVhSFV3U1haVVQxWkdTVGxSYjFGTFZ6RnRZWFpuTUUxVmJVcFJLMEo0Y1UxMlNGUTBabXRKTjFwaFpVRnZXVWh0ZFdJMFF6aGFZWEZUWWtKeFltMXlVVVJ4YjB0d04ybFZaek5WVGxCV04waG1VVTA5SWl3aWJXRmpJam9pTmpnelpqWXhaamxsWVRVeU5qWXlObUppWm1RMU9EUmhOMkpsT1dZMFlUWTBaRFF3T0RnME5qTTVOV0l5T1dObE4yRmtaR1JtTXpjNE5USmxNamN4TVNJc0luUmhaeUk2SWlKOQ==', 1769734331),
('uxPhAWV5H9sqYOdqc0s5rgdxC74cHSBuVf1Yb8nv', NULL, '95.177.180.85', 'Mozilla/5.0 (iPhone; CPU iPhone OS 10_3_1 like Mac OS X) AppleWebKit/603.1.30 (KHTML, like Gecko) Version/10.0 Mobile/14E304 Safari/602.1', 'ZXlKcGRpSTZJalptTW5BM2IxZHJSMmxSZEVsTGVucDZha2xCUVdjOVBTSXNJblpoYkhWbElqb2lhVE40UjNONlkzTk5ZbGR0Y2tOdVZISnhMMVJ4VVhwSVQweE1iVGN6VVRkWFlqaHlVSE5DUm5KUWFWUjFhVE5IZFZrMlJsVlhlSEpVYmtwT2QxbFpWRGhGTW5ST01ubDRTMHBaWWxCNFoxbElXV2d5TlZodU5IWTFUVVoxY0VkMlFVTkZaM05zZG5GUmQwcE5abWhUU1dwNU0yUnlRM0F2YTNJcmQwZ3JjMHQ0VVhScGFWWnFTeTlKYldvM1ZXTkpUVXBIWW1kTldsRkxhRzlXVGxVdmIzWktZMkZTVUZOd05taFRVa0ZhYm1sRVZsQkdLMlpYVmt0eU9YRnRZVGR4VW1Sc2IwZElabmxMYmtKMFlWbEtlWEJZVVVwTWVXMDNkR2xJYURSeFYzTjJWVXRUWVdsS2EwNUZVRkUzUVUxc1ZESkxMM2hUZWpaWlNIRnRPR1p3VVRFMllWVjRMMmh3Y2toeVpWVTNkM2w0TWxKUWNIYzlQU0lzSW0xaFl5STZJbVJpTVdJMFpEazFNV1l6Tm1VNVpUWmtPRGxrTWpOa1pEZzNNakprT0RRNE9HWmhOMlJrTjJFek16VTJNamsxT0ROaE1ESTRNakZqWXpJek56Wm1aRFVpTENKMFlXY2lPaUlpZlE9PQ==', 1769570596),
('UxZIpoTLe3vSE9P2HHx4577KpgI4pF88xQ3boISl', NULL, '95.177.180.85', 'Mozilla/5.0 (iPhone; CPU iPhone OS 10_3_1 like Mac OS X) AppleWebKit/603.1.30 (KHTML, like Gecko) Version/10.0 Mobile/14E304 Safari/602.1', 'ZXlKcGRpSTZJbmd4Y2taeFEwRlhjRlpwTmxCdFdqQlBiVlJCTWtFOVBTSXNJblpoYkhWbElqb2lkMkprUVRsdFdqZzFWMFpOY1hGcmNGSkhUMk5YTVU5WVIzazRXakpTV0M5bk1WbE1RalZsVERCSFRsQkhhMU54UzA5cWJERjRaRzV5ZDJoRVZYbEROMVpRZWtNek1GRTBlazl2TUZsaldtbFNZMEpDVDFKQ1ZYRlpWbWd4WlRGeVNUUnlWazlRYTFOeFIzYzJaMm95WTBaS2JVNWtValZXWVdSR05XaE1Velp2YlV3M1dWbFNXV1F5UkhaSldqVkJablJ5ZG1sVlVVaEJMM0psTTNsQ01tdFhMeXRzTjFVeFZVNHhTemRSYkZsemRXRnRORGh2TTJock4zVnJUbEZTZG5ReGJYbHdjVzB5Wnpad1lqWmllVWgyY0ZCdFNVeDJNamxpZWtSWlRrSmFVRk55YUdOVmQwWkZkM05FYkhaYWVHeENRbFo1WTJORGNqUldWRzUwVFV4bVQxaHJiRVpFZDI1bVRtUXhaMDgyVDNOSlpWRTlQU0lzSW0xaFl5STZJbUUzTnpVM01HWmtabUV3T1dFd1ltTXhPREkwWXpoaE5XTXlaREUzTW1NNU9UTXhPREl5Tm1aak5ETTBPRFl4TnpGbFlXUmxPR1ZoWkRFNFkyWmxaV0VpTENKMFlXY2lPaUlpZlE9PQ==', 1769671663),
('VN0miPfXSJiLoGQv9kTRbLpsSAshWliIiqgUjizo', NULL, '111.7.100.20', 'Mozilla/5.0 (Windows NT 10.0; Win64; x64) AppleWebKit/537.36 (KHTML, like Gecko) Chrome/92.0.4515.107 Safari/537.36', 'ZXlKcGRpSTZJa0ZtVVRkdVJIWlJZVnBqUzA5WlIyODVkRlZXY1hjOVBTSXNJblpoYkhWbElqb2lOMEUyWVVwblpGbFFibEUxV25SQk9TOUlkWEZOYUhRMk9YUXpVWGRLWWpWcGIwaFpSWG8xYW5Fd1pHMVdUMk55ZGxWR09HOXRVbTFxT0ZwSVNYcFNkVWhOVGpObWFGWlFWVVZYU0U1b1YyNVhSblZZY2xjdlFsWjRSeXR0YlZOWlNUQkVTazlrYUVFeVRFMUhhbkJoUW5NNVNXVlljRGxwZUZaa2RYTTFSaTlsVTJrNFpERkdUREY2TlVKMU1FVk5SVGwzUldkNGIwdFlZM0JqVDB4RlYxbExaRWxNUzJOMlVHcGlVWGd5WjFGRWR6QmlUbFZ2TUhONlJqUktkVFZqT1VaTlltUnlURTVvTUZaTE16SnBVV3h0Tm0xclFqUllUVlE0ZGt4RVV6Tm1UMEZ6VjI5S1pFaEdiRVZ4VEdOelNscEtUM2N4YjJsUFlXVjZRemh4YjJSdGR6WjFkSEpsWlhGdWNuaG9PV2h5WVZGNWNtYzlQU0lzSW0xaFl5STZJbU5sWldWa05ESXdOV1l3WmpZd09XVTFaV1prTVRBeE5EY3dPVGhrTmpFNVlqWXpZVGczTkdFeE16SXpZakU0T1RRM05qVXhZV0ZsTURnd1lUVTJPV1FpTENKMFlXY2lPaUlpZlE9PQ==', 1769705145),
('vRKSRmXpzSIv5z8afmJw3QnjgD1wgquE69dPjn1m', NULL, '101.249.62.131', 'Mozilla/5.0 (Windows NT 10.0; Win64; x64) AppleWebKit/537.36 (KHTML, like Gecko) Chrome/119.0.0.0 Safari/537.36', 'ZXlKcGRpSTZJa0owWTJVMllraExVVTFHTVhkclRHcFFPVmRsT1djOVBTSXNJblpoYkhWbElqb2liVGhLTmxJeU5HNDNSbmRYT0hWVU9VcDVTMGxXTWtkdk5GVTJiRU4yVXpNeldVaElXR0ZIU1VoMlRHVjFkbXB5ZURSa1NXeEdjbVpNTDIxMGFtRktMemhzTlRGeGQweFNlR1JPWkRablVWRmxiVVJHYlhBMk1uTTBNVEZFV1RoeGVrMUNaSGh2V1dKVlMwbE9lQ3RyZDFkVmJ6VXpkRUl2YkRaTVZ6TldaV3R1VFU5UVVWbGFPSGROSzAxcE5EWk5XR2d4TWpjM2RraHlZblkwVFRsU2NVVXlVbm93VTNsNWNUUnlhRlF4TkdFemJsbzROemM0TmxwdE5qWlBkbkZoUVhoSk9YZGhjbVkwVVhnd04zYzFPR0V2UVRsaFRqTm5ZalIyTUM5R1YyNUdZbVZIYzFCMFEwc3JVM0UwUVhCSFJWTnBRbmxqUTJVNFVHNVJOa2cwY1ZORmJVaE1XalpzYzFKR1VsRjNRMWN3U2xaVk1XYzlQU0lzSW0xaFl5STZJalU1TnpaaE9ERTFZekprWTJVMU1EWXlZVGcxT0dGaE1qWXhNbUkyTWpnd01ETTVNREExWldZM1ltSXhPR1F6TWpnNE1qTmpOamN4WkRkbFptVXpPRGNpTENKMFlXY2lPaUlpZlE9PQ==', 1769667994),
('W6DP3wYonbxqGVgAE2ke4QVTOM4YqX5mbRbc88Sd', NULL, '221.208.113.95', 'Mozilla/5.0 (X11; Linux x86_64) AppleWebKit/537.36 (KHTML, like Gecko) Chrome/121.0.0.0 Safari/537.36', 'ZXlKcGRpSTZJbWd2T0hSMEwyMXlhRVZoVDNsU1ltNUZOVFU1WkdjOVBTSXNJblpoYkhWbElqb2lhVFJCZWtvMmIwSklNVGROT1ZGQmJsZzFjVkpWY0hweVNVbzRVblJ1Y0dKNlJFazRUV2hzZG1KWU16ZzFOeXRqV0RGR1QzTTJiVXQxTTBoVk5VcFBjbXBVUWpWRWJXNHJXRzFaTlZFcmFFSnJiMnRzT0dvd00wZFBLemhrUjFkS2MxcGxRa1ZrWVZCRmNrcGxibnBQWnpjekx6ZDRPVWx3VVNzeE1HeFZXbE0wWWtkemJIZERVblJtTDBaNk1Tc3JWRlI1UkdFMk5FcE1hQ3RMTW5kcWNEQldhRFJ5ZHk5NE5UUnJNRFJwVFd4WGNHWTROVFZJVTJOQ1FsZElSRVowT1ZkS1JsRmxabmw2VDI5VGEyOHpVRVp1WkRGWVVtODVWazFHYmtKeGIwOU1RbVZaU1hWUVEyOUlZVmM0TW1Wc2RIaDZURmhHVkcxdk5uQkNaRWN4WjB0SVZXNW5UWFlyU21kUVkxVm1UMVEyTlVRclYzYzlQU0lzSW0xaFl5STZJbU0xWWpZM01UQmpaamxtWkRnNE9UZGtPR1JoTW1RMVkyVXdOREJrWVdOallqWmpZalZoTWpJd09EVm1ZMk0wTTJNNU4yRmpZekl5TjJJMk5HTTBNVElpTENKMFlXY2lPaUlpZlE9PQ==', 1769620165),
('w8lxNf7ORjY9PvMe0aBcACndtlPIYi0rMP1UDS3G', NULL, '152.53.195.17', 'Mozilla/5.0 (Macintosh; Intel Mac OS X 10_15_7) AppleWebKit/537.36 (KHTML, like Gecko) Chrome/142.0.0.0 Safari/537.36 Edg/142.0.0.0', 'ZXlKcGRpSTZJamxZVTJoU1NuRmhTa3RHWms4NWRWSlRTR1pCYkhjOVBTSXNJblpoYkhWbElqb2libWt6VDA1VU9HbGtPV05tT0ZoUk5rRXdOSGw2TkZWQldrMW5OMjlWVkhwTmJtRlBaWEJFZDJjeFNXbEhXR3BOT1RsUVJsaDJhbHBQY1ZaTVlXZHpZMmRXZFdwUVlUbGpVblYwZEVaMmRFUjJXVFJHU2trM1VtUk1Sa1V2TjFNd2EyMDNVa3BoWTJKYU5ETm5ObFJxWWxGUlRuTjVlVzVtYkU1MlpUQkpMMFpCVkZOMmNraHJiVVJOWlZCTFYwZzRaeXRuUkRsdVRIZDZRVlEyZDFWNlpFZ3ZNMVkwVVdkSWNWaEJiMDloYmtwUlkwSkJOM0JqWmxSdlJGZEZkMWRPWnpCRlNUbDFOa3A0ZVZJMVJFTmFXbmd3VmxKRFlWQjZNVFZpT1d4QllYTm1hVWg2ZWl0TFFVdGpTSGRIVkVORFQydzJTVXhWTjJrNVVETjJSMEZpWTNJNVIzZG1VMjVIV2pVMlJDODRaa051VDNkWGRFRTlQU0lzSW0xaFl5STZJalUxT0RGbFkyVTFaakk1Wm1aak0yTTJaVEF6TVRBeFkySXpPV1V4TmpNeU5XVTNZelpsTmprM05HTXhPV001TlRSa1kyRTROV1JoTnpsaU9HRm1NREVpTENKMFlXY2lPaUlpZlE9PQ==', 1769704195),
('W9ZDCtr5JntEo2LnCKJGnyMQ8f08FFnM3JHU1KZT', NULL, '45.194.70.249', 'Mozilla/5.0 (Macintosh; Intel Mac OS X 9_1) AppleWebKit/600.45 (KHTML, like Gecko) Chrome/94.0.559 Safari/537.36', 'ZXlKcGRpSTZJblZWVVRoUVoyazFiazl6V0hkWU9UWktlV3RXVWxFOVBTSXNJblpoYkhWbElqb2lUV1o0WTBaSWJEZERiR0o2UVhoRlVGUkhkVnBDZG1OWWRFWkZXVzVRVTFOMlZYRmpSRlJzSzBGSU4xUTRUVkZLVlU5b01XNXVlak5wVVRocmNrdEhTR05NUkRCMUsyVnlabkYxWlVRM2EzcFFURkJVUVc1U1JYWnZlbEppUVRBNWVtSjNUVWR2SzBGSlQxWlJaWEI1TDFCVGNFVnRTWE5VTm1zelVYb3lPVFpsWmpNNFVuRkVUVmxVVFhOV1JFOUdORWxpU25vMVlqVnRiRkJMY1ZoQ2NFTnJla0UwTURKek9FMUhjbk5ZV0RWUlJDOVBjRGRxYVhsU1RHMUVVa0ZGZG5wamFWSlJiVXROWm5aUldFdG9OMHhtUWxwaU4xaFdXRzFxYjFsemNXNDRiR2xSVlcxaVJGSllibkpyY1ZjclkyOXhaRmhuZVN0T1FtOUVhSGt5TkRaTmRtOUhXRkJKY1hCRU9IRlJXbU5GYXl0RGFYYzlQU0lzSW0xaFl5STZJbVUxT0dZeFlUSTJObVJrWVdZd1kyRmpNamd6WVRneE1USTNNRFkwT1dWbE1UaGhaREF4T1RRNU9UQm1ZV015TkRkak5HTXpObUl3TUdVNVl6QTJNamNpTENKMFlXY2lPaUlpZlE9PQ==', 1769600136),
('Wa7tlPYR5w0ZDob4ZSG6n7Di7nAlqIHU17ZvQzom', NULL, '183.134.59.133', 'Mozilla/5.0 (Macintosh; Intel Mac OS X 10_11) AppleWebKit/601.1.27 (KHTML, like Gecko) Chrome/47.0.2526.106 Safari/601.1.27', 'ZXlKcGRpSTZJbWhXUVRnMldISndZbmc0YzNGWVdXRlBUMHRWWTBFOVBTSXNJblpoYkhWbElqb2lVSEkyZHpoUk1qUnhWR1JSUkc1R09WbzJhQzlLT1RjMWRVZHRWbWRSWlZOdGRsVmtOMHROUmxZdmMwUlpTMFJaVDB4Q1QxUldhbXAxVGtSWlRVZExOMFl5VXpCQ2FuaHdZekJhUkdsSE1UQkNSMjQ1V2tsaWNtaHVjbVE1VEd4VlNFSTNTa2hQY0ZacU1uRjBZV3R5YjJGQ2IxWnNXVlIwTjJwcVUwa3hhRUZHVGpoR1VWaEdhaTlvYUZndldGcEdZMkpKYVN0aGVVVk1WVVpJTjNsWVRXNWphbE4xYTFKWFMzTnhNbEo1ZDNKaVJuQmxlRzQzZVRaUGNXaDFjV2hoUjFkQ1VFa3djRmd4ZVRVMmFHMTNSbVZqUTJNeWVIUlRNUzhyVjFsVlIwbGpVazluUldkUVkwSlFURTlVWTNGUmJubzNhbGRQWVZCTWNFVm5TSFpIY1VFNFQwWjBORUpsYmk4MllVSXJaalZLZERCYVJWRTlQU0lzSW0xaFl5STZJak01Tmpaa1pEazNNR1JsWW1OaU16TmtOakEzTUdOak1tTTJNRE0zT0RNMFlUbGlNV05qTlRkaVpqY3dNMlF4TVRKaU5ESmpZekZsTlROak9HUXlORE1pTENKMFlXY2lPaUlpZlE9PQ==', 1769726000),
('wwD5zoSXOC1RxBVVxpjvb4JdrTt0LUX99HUGwQPT', NULL, '23.27.145.114', 'Mozilla/5.0 (X11; Linux i686; rv:109.0) Gecko/20100101 Firefox/120.0', 'ZXlKcGRpSTZJa1JQYlhGMWMySTNlR1poU25NMU56UlVPVTA0T1VFOVBTSXNJblpoYkhWbElqb2laSGhpVTA1WGFHSjNUSEl2YkRGNFFsZEdaSHB1V0M5c1lrOVdhMVJzUWtOaWVHaENkRUkyTTBrNWRsTTBOWEkzZDFsVVZFNU5hMlExVDNrdmREbFJha2RMWmtGWVdXUXJabVJ2UVVKelkyRTJVakkxUnpGWWEySndkakkwVkU0MFlqbDVkRXh1Unpab2FsaFZkMUJRYWpSNWRFOUhTVVYwTUhSSFFtSkNLM2hJUlhSUlJYUkZkbXRVWm1VMWFIUk1WV05yYldOdmIxVjZUbWNyY2l0dmVuSmthVzk1YjNGNmRGSkhVWGhrVnpGVlUwYzBiMFF3WlU1RVdWZEhablpTTWpobFdtaDFaa0ZwVFhwWk5HdFdhR0ZVVm5sdU9FNUlRbkJ0VTFVNFZVY3lSRWhEYmxNNWJpOW9abEYwWlROR2NIbEpTM0lyZEVoV2RHSlNkRlpsTVcxVmFWY3liWFZ5UW01WVRFUk5Za3hCVEZnMFYzYzlQU0lzSW0xaFl5STZJalZrWXpsaE1HVXdZemxtTW1NeU1HUXlNMk0yWW1WbE1qVXhabUU1WTJJd09HSTJabU15TVdVeFlUazFaakZqTWpRMk1XVTVZVGhsWkRBMll6a3pPVGNpTENKMFlXY2lPaUlpZlE9PQ==', 1769595114),
('wWQV8mZ23rbrcjXhF5CYlF2CCShVMWNCtCV8g5Hw', NULL, '106.75.144.174', 'Mozilla/5.0 (Windows NT 6.1) AppleWebKit/537.36 (KHTML, like Gecko) Chrome/49.0.2623.112 Safari/537.36', 'ZXlKcGRpSTZJbWgwUlRaQ2JsRjNWblZoUlRWME9UWkhNVkYyV21jOVBTSXNJblpoYkhWbElqb2lNV3A0TmtZNVpHVXZhemR6SzJGamMzZHpWR2cwUTI1UE1ITnNTVWRrYTB4R1lUTTVlRE16YXpkaVIwOVdSWFF6VVhaQ01GQkVVWGhvYVd0RVZFZEplbWd5TUZGSGNtODJPRTEyY1dGNVRtSjFUMmd3T1d4SGFraE1XVEp4VkN0Nkt5dEVNbk5pYUN0WFUxRkhkMUpyYlVkQ01XaGhlbGx6UkZSb1NUQXplV3h3V1U1alZpdGhUelJ5YzB4a01FVjNSRWRWUlU4MlZFTnhVWFo1WVZOT1YzbENRbWszTVhOUVV6SkJiRVZyTlhoNWVHbHdOV3RxT0VwR04wcG5XbkZSYkdoSlIyaEpiVmRGVjJJdldISlpTalZqZVRaeFFqQlhRWGx6YWxCNloyNXhVRm8xYUV3M1pVSmliVkF6Y0M5YWIwNWhWMjl3ZGxKeU56ZFJPRUZNUWtKR1V6bDVSMk5HWTBKRmJVMW5aVUpaVVZob01tdGhVRzV6YWxSS1NGRTVlVGx5TDJadmEzSXZTSG92ZUdZM2JVVnRiVWxxYTFRNU5YUlVUaTgwY1ZZaUxDSnRZV01pT2lKak5qbG1ZalkzT0RVMVpXTmtPREZtTmpGaE1EUTFOVEJtTnpCbE1UVmlOamRtWlRZek16STVZVGxoTlRjMFpqQmpPRFExTWpKa05tTmpOamMyTVRGbElpd2lkR0ZuSWpvaUluMD0=', 1769600808),
('WyhILDZqTxO8dS08jU63oSwAt42yroAX04Br36ey', NULL, '185.137.164.13', 'Mozilla/5.0 (Macintosh; Intel Mac OS X 10_15_7) AppleWebKit/537.36 (KHTML, like Gecko) Chrome/143.0.0.0 Safari/537.36', 'ZXlKcGRpSTZJblpaZURCQmRVNWtOVlJSTlRSUVltWnpTU3N4Y21jOVBTSXNJblpoYkhWbElqb2lXbUZyWVVVelJuWkNOVU01YjFWMVQzQTBjV1pxZEVkVmJGRTBVVWxFT1dkWUwybHdhVmhYYzFBM1VrRjZUMVowTWpCcFJEbGtaVFZ5VUVVd1pWRlZWblJpVFRaU2MwTnJkMnRrYkdSMVZqbHVVelJPZFVSM1pIUlJWVEozUW5wb1EyVldNRFZMWTJ4WE1rSnhOVmRpUVZCTlRrb3pRbXQ1UmxSc2VWaHZRVWRIVGxKc1dqSlhXVFpVYXpoblNsQkxXRlpXTjNkWWVubE1iV3cxTVU1M2VrUkZTbkI1TTJkcWQyRXdRbWw2VkRWR09HSjFjVGROTVVJM1JtRlZSMEpaYW5GSFV5dDFlRko0Y1hKRFltMWlXbnA1U1UxelptVTFXbHBNTVZCM0x6RnpZa050TUhoVmJUVklORkozWW5KaWIwcFFjMWxsY1d4NGFYcGpiemhPTUZZdkt6SkxVVzlEYjBnNFlVaGhXbEJDUkZOVVZYYzlQU0lzSW0xaFl5STZJak5sT1dKbVpHWTJNRFZpWXpObVl6WmlZVE5rTmpWallqZGhNVE13WVRrMk5EbGlOekF6TXpjd09HVTVNVGs1WTJRNE1qVTNNMkZqTlRNNFpXRTJZamdpTENKMFlXY2lPaUlpZlE9PQ==', 1769563406),
('x397bcR8t2mblP4684G9ev4qbEHs3hDlLKiiiLae', NULL, '54.162.31.194', 'Mozilla/5.0 (Windows NT 10.0; Win64; x64) AppleWebKit/537.36 (KHTML, like Gecko) Chrome/122.0.0.0 Safari/537.36', 'ZXlKcGRpSTZJbkJqTW05R2F6Vm5NRzlPZEM4NVpXVjJZakphTTNjOVBTSXNJblpoYkhWbElqb2llall6TjBGTFJFZFhSVUpZUXpKdFNWaG1ORGczTW5kYWFITjJhV3N2WlU1RlpXTk9kMk5QUVVOSlUxSkNWMHR4WkhwMVJ6a3dPVEpvY25SalluTnBRVU0wUjFsRE1GZHljRnBvYldsek5uaGFWV0ZzS3pOM2EzQlZOMHBhVTBOelUyUlBTWFZxUTFGUGFtcE1PUzl4TmtOcVN5OTRWell2VkhOS01GazVOME5hTUVsclFWUkxaMHhxTVc5aWNVbGpLMVpQV21SeFRGbzVZVlJsWlc1elJXdDVjR0l5VGt4elRFNHlhRzFvVDB0cU9HRTRaMWh3WWxselREUXpUMGRVYW5KaGFDdFBlRWRuVFdZd2FXTllSbEoyUlVaakswazBkMlJJY0ZscFdIazBRM2htTldaeE5tWkZiMVpWZURVeE4wdFRNM1JoTkVKM05GUm9hbE4xWlZKeFRpdENaSE5MY25VeFdXaHJOeTl2YjJ0blZWRTlQU0lzSW0xaFl5STZJbUppTkdabVlUWTJNMlZpWWpBd05XVTJPR1k1T1dFeVkyWmhZelkyTm1NNU1qZzNaVFpoTURKbFptUmxaalptWWpJeU9XTmlaR1l4TmpSaU5qSm1OemtpTENKMFlXY2lPaUlpZlE9PQ==', 1769605182),
('xJbCHLYKZACkxVuxsUk7ZyJi1NUmBsQK7msCecdJ', NULL, '47.252.34.224', 'Mozilla/5.0 (Windows NT 10.0; Win64; x64) AppleWebKit/537.36 (KHTML, like Gecko) Chrome/121.0.0.0 Safari/537.36', 'ZXlKcGRpSTZJakJVVGpGVVVIWllaVW9yTDFadGR6aHNaRnBPYVVFOVBTSXNJblpoYkhWbElqb2lhbFpvUWk5R1RtTnBkVTVqVG5wMmJFTjRlbTlDUVhKR1l6Wk1jMG94Y0U1NWJEYzJkakpZV21kMUwxbENZMUo0TVd0dE5YRkRTVFUxTW1adlpVbHlhbWczVFRaVVVVMDFjbFo0VUVGaGJYSjVWMEpHWnk5bFEzRlhSMnRpVkZVdmNEaEZOelp5YzBwS2FVSnNSRTVxY2twaFNVTjJTbWhzT0RsV1pGbEpNVkp5WTNNNE5FeDBkRmxtT0daRWJtRnVLMUUxZDFSQk9EazJabGRaUzJNMFlqVmFlalpqTWxoTlFqbEJaSGRNVlRSV1F5dElkMUZNV25sdFQyMW1RekZ4WWpneFJ5OXFMek5NVUhkcGRIVkxhVEZtYjFkeFZtdExUbWxTWlRoTmRFdG1lRUo2U205VWFGbE9VR05FYVZkbWVqbExXa0Y0Y2tsYWIwSkpjM0pQUzBnd1NYRnNNMlpHYjJSNFJ6bG9PRXRSVEVsd2NVRTlQU0lzSW0xaFl5STZJamhtWmpBeFlUUmpaRFZoTVRSa1lqVTBOR0ZrTlRZNVl6QTNZelk1TXpKa04ySXpPVGt6Wm1FNVpUZGxaVGs1WkRNNFpqQTBOMlV3TUdOak9ESTNNakVpTENKMFlXY2lPaUlpZlE9PQ==', 1769596300),
('XtpgMfafjx8vKPDSruG1St1uCYN13OAIMEwN4Ibk', NULL, '43.131.39.179', 'Mozilla/5.0 (iPhone; CPU iPhone OS 13_2_3 like Mac OS X) AppleWebKit/605.1.15 (KHTML, like Gecko) Version/13.0.3 Mobile/15E148 Safari/604.1', 'ZXlKcGRpSTZJbVZCY25ka1RYSmtLMVp2VEhZMmVXbDJjbVZwYUVFOVBTSXNJblpoYkhWbElqb2llR0prVWxCaGVWTlNkakpYZFU5RmNGTjFXV3R6U25ndlRWWlJTR3B2T1VsaWJUWkpaVlZSY204emIwWkZjR1ZEYlV4SldtbzVhVUppVEdKM04wcGFUVWswYUU0cmRXVnFUek5vT1hkS2IzaFlVa294SzJab2EyeE9TamhpVTFSNVUwUlliWEZsWnpCSVJrd3dVVUZFVmxOc1R6ZFVlWEZMVDBkUFZUUklhMEo0TTB0SVVFbEZWMmMwZDNwUmQyRkhRV1pzT0dJeVdVdFBkMEp6T0VWaWFFVldTVVIxVjIxaGMxZHhlV0prTWtRM0sybFZXR0Z5ZWtaVlMxbGFlbkI1VW01NU0wVk9lVUZtVDFWa2RsTlpWWEY0Y2xKc2NHRjJVRXBYTVVOVVpVcE1VbmhDTUVFeE5sbDRWWGxwWWk5aFQyUmpXbFZUV21wRFNWUmtlV1JVUVN0ME5HRndSM0pFUmxSdGMwOUxiMjVRT1ZrdlkwRTlQU0lzSW0xaFl5STZJalZoTkdaa05HRXdZbVEyWm1aak5URXpZMlV6TURBeE1qVmhPVGcwTXpBd1pqQTRNV013WWpZeE56Y3hOMlZoTXprM05qUXpaV015TkRNeFlqQmlNamdpTENKMFlXY2lPaUlpZlE9PQ==', 1769563395),
('xV8fwzmo5SSj2hrTqJTDpJCsRpw05gIL2g8JwC1R', NULL, '36.99.136.130', 'Mozilla/5.0 (Windows NT 10.0; Win64; x64) AppleWebKit/537.36 (KHTML, like Gecko) Chrome/92.0.4515.107 Safari/537.36', 'ZXlKcGRpSTZJbmhXSzBKYWNGaHJPSGt5VG1GdFQyNU9VRkIyVEhjOVBTSXNJblpoYkhWbElqb2lVSGM1U0M5bGFFSk1Ra2w2YkRaQlRHZzVibVl3VHpjMk5XaDJaRWd3Tnl0Uk9DdGpjbk13VWxwV1ptRkxTazlLWW5GSFJsbFpPSGMzU2pOVFNIUlFZMmNyVDFKNlFsSllXSFJWZHpGWE1tMVVXR2RqU214emExcFljbU5vSzFkTFpVRmhiRlIxVWl0U1RUaE5iVEp5VFU5WWNtbHNPREJIUkdWeVMxcERUMHNyU0Rka1F6TjNjbTR2UWxod1RYQkRUMkp5Y1dKNFJVTkxNa1lyUXpKRloyODNUSGhQU1RrMU1VUk9aakowZEdWVWNucHBPRXB2UjI5NEwxVk1WM1ZGWlZweVJUTlVNREl4UzFCcmRrTktRbVZIZDJ4QlVscDRSMlE1WVZOTmVVUTFURkpXYVRaT2NUazVaV3BKYkhkUFlVVllPRU5JU20xWFZqQm1WREpGWjFsa01IZEVWRWhZVERKTU5sWXZTMEY2VVRCQ1ZIYzlQU0lzSW0xaFl5STZJbU0xTURKbFlqSTRZemxoTWpkbVpEUmlaVFppTlRNeVltUm1ObUV5TkRnNE4yTTFaRE15TldSa01HSTNORGczTm1FM01qQmtPV0psWlRNME56VmhZMk1pTENKMFlXY2lPaUlpZlE9PQ==', 1769705150),
('XvKgvwrf4wyrodl13jwSO6x6RfjnlwuwCcrDOfkc', NULL, '118.193.45.235', 'Mozilla/5.0 (Windows NT 9_0_1; Win64; x64) AppleWebKit/537.54 (KHTML, like Gecko) Chrome/60.0.624 Safari/537.36', 'ZXlKcGRpSTZJbHA2WTJJeE4xUnlUVlk1Ums1eVNrazJabWs0VjBFOVBTSXNJblpoYkhWbElqb2lNbE5JVFZOcWFXTmthVmswVm5oU2FGSmhOakJvVFVzM1ZHVXlkRUV5Wm1GNFZWcE5aRlp6VFdFcldqZFNVa1l4VVVWbllVSjRNbXA1WVdnNGNtZzVUbTg1T1VseWJIcFZiVk16UXpWRlJrcFhTVlZXUWxsaWNtUlBRbWxKY0c1YVRtTTVTMmRoYzJ4NUsza3dibTk0Y0VGeVFYWTFSa1ozYlhaRVVqQldOWGxsWkRBelpURjNjbXBHTm1GSU4zazJOME5SVURoclFtVlVObXh2YTB3MFp6QjBURUZDT1dOV1IwWjJVRTFDU1c1U2NtRjNNMWxNUjFsTmRtMVhkRlpVTjJkRldWSnJZVUp1TjBVM1lsZGxibWhUY0ZsSE1UTTFORGxyZEZkWlVVbzRZVk5TZUd4c1VtTXhWV3hTT1ZFemNuSjNhSFYxUlRSRE5HTjZSRmRZZDFOeFRrRldURUp6ZFVGa1drSnROa2RoVlZGRWFVRTlQU0lzSW0xaFl5STZJakk1WkRVeVlXRTNZemN4WkdOaFpERXpOVEUyWWpaa1pURTVZVE01WlRoaFl6VXhNVE00TVdaa016azJNVFJqTURjMlltWTBPVFUwWkRoak9ERmtaV0lpTENKMFlXY2lPaUlpZlE9PQ==', 1769690543),
('y9MQbFZujz3V8CxEy8Vtfk517BCVJMCGZsitLdVC', NULL, '221.208.113.95', 'Mozilla/5.0 (Windows NT 10.0; Win64; x64; rv:122.0) Gecko/20100101 Firefox/122.0', 'ZXlKcGRpSTZJbmszVTFoS1ZXeEhkaTlCZEdWR2QyUkNSRTlhV1hjOVBTSXNJblpoYkhWbElqb2lUR2hWU1ZKNlRtMVhXV3BQWTJaNmNqSnJORk5oTDNOb05FbEtObVkzZFZwQ2EyRTJibWQxZURSdWRIZHljbVp3WjJSNGIydGFXWHBaUTNNck5HOUNXVE5zUldzMWNtZExMMnhYWVRCVmJYVXhibTR5YkhKQksxSkZPRU54VkdsSE1IWnpNRmgxUzJaQlNteGxXbUZ4T1RKek5YRnJNbUoyUkRFdmJFMVFPVnBZUzFjcmVrTkxZMDEzWlhsbVRVeFBNR0k1SzFGd1luaHpVekpCUjFacGJGSlhhVGxwTUZVdmMySklkSGxxT0ROUVltMXlkRWxpTWl0Q2FEUmxZVVYxYjA1WE5GRnpVbFIxUVdOeGNqVTFkV05CYlZkNlZXbHhlRWxsY0ZOQmNGcEplakl5WkVSV04ydDVUMUZNVGpWc05tcExPVUpJTnpkdGNWaGxNWFZyZGsxRFVuQk9ZM1F3S3paM2JsTjRWa3BKTlhCS0syYzlQU0lzSW0xaFl5STZJbVk0WVRCaVpXSTFaakpoTmpGaU5HRTFPV1ppTjJJME1HTTRZV0l3Tm1aalkyWmlNbVkyTVRKbE5qWXdZelJpTlRReU5EQmtPVGd6TldWa09EWXdNbUVpTENKMFlXY2lPaUlpZlE9PQ==', 1769620160),
('YcJamYqPkr5kY2zTDPlH3Q035gA8vUtZsENI58If', NULL, '54.162.31.194', 'Mozilla/5.0 (Macintosh; Intel Mac OS X 10_15_7) AppleWebKit/537.36 (KHTML, like Gecko) Chrome/135.0.0.0 Safari/537.36', 'ZXlKcGRpSTZJbHBXZGpKNmVFdEJUMFI1VUhsQmVHTXlSamxyTlVFOVBTSXNJblpoYkhWbElqb2ljVzVMTDJWQ2REbFRjRmhIVjJkM2JXTldjelZUWmxkTU1tWjZjbTFzVTJGRGRuYzVPWEV4VUdKcEt6TjRka3RrYkZCNVZreEZURkZxZEZGelpXeHpNSEl2VjFsaFZsbFJlVGRLTDBSUlpqVkxaMjVZT0ZnME9VSkRjRUZOTURrMWNEa3daRVkxYUhBeVNEbGhhMlpxYVdKWFpEbHFNalJHTVhSTU4zSTVPVTVzVEVKbVZsbzRLME5oWm1Zd2JtbFRUSEJDYm1VNWMwZzVhRkZxTldwb1IxUkpjMUZCYkZsR2RHOXJaR3czTkdJdlkxTkhaeXR0YjB0S1RsbFBNbXhHZEdKTGFWcFNjREpyVFc5M1RrWkRNekUzV1hCRVkzSmxXR1lyY0VSdGRHWkVjazlTZFhaRk9HOXVSVzloYzNJMmNWZHVTVlJPZDI5QksyMDRSamxhUVVneFYyWlpRWFprVEhSWFREVkhVMVU1WXpaclRVb3pVMkpuVm1KUVEzTmFiV2t2ZVc5YWVUQndRVWg0U0dWb1VEWTBXRTR3VW10V0szRlhNVkIzVUVFaUxDSnRZV01pT2lJek5UazNZbVUwWmpJd1lqUXlPVFl5WWpFek1UVmxabVF3TlRoaVlUZzJOR1ptTkdGaU9UY3pObVZtTnpGak1qbGlPVGhrT1RZMFlXRmxOakkzWmpFNElpd2lkR0ZuSWpvaUluMD0=', 1769605500),
('YKhRE6hSLiHz4vTl64aUmErGkFiVebwHeEJtk2pl', NULL, '44.196.29.182', 'Mozilla/5.0 (X11; Linux x86_64) AppleWebKit/537.36 (KHTML, like Gecko) HeadlessChrome/132.0.0.0 Safari/537.36', 'ZXlKcGRpSTZJbW93Y25veVFYSk5OekZGTm05Uk1GVlFaalV5V1ZFOVBTSXNJblpoYkhWbElqb2laVGR6T0VwRldFSjBUMDFZVVhKNlowRklNRTlvVTBzcmEwOTBTV0poVlZWak4zZHpjRFpSWVhoTWNVWTFVelZaV1hFMmNGRlBaWE5IWjBrd1dXNTZUekJXVFd3MWFETlljM1ZNTHpSSlRrcFJVVGhTWTJNclkwZEVTR041WkhOck5USlZVMVpJTTNoUGJqZzVNazlxWmxGUFVHSlBPR3hDYldsRVNXZERSRGR5ZFdaNlpHbEJXblJuYlhsSlVUTm1VVzgzUWpobFVFWXdTME5MUm1SSmJpOTVObmRsYmpWVlZYQmlPWHBpYjNwbVExaEZkWEVyY1VOUGVDc3JNSEJqTWxSMFNEbG9TVEJtWVdsMVUwcHZkVFkyT0ZkU1ZVNVdLMU51ZVdOVlZGZ3lTMEZyVG1JNE9VcHJVbmN2VUhoTVZqQTFaVTAwYnpoT1lWVlVjRkp5YjNrM1RubGxhRE0zYUhSa2RrWk1XRTVLY2psVGRHYzlQU0lzSW0xaFl5STZJamM0WXpjMk5HUmtZMkZqTldWa09HRTJNV1JqTVdVeU1XSTBaV1F4T1dSa09UVTBPR0UyTTJKaE1qZ3laRFZpTjJJek5EYzBPR1ptTmpnMVpUZzFNekVpTENKMFlXY2lPaUlpZlE9PQ==', 1769586487),
('YMaWTefrY3xXVleWb8cpCB0uvVuriJlytqSy3FXO', NULL, '139.59.64.40', 'Mozilla/5.0 (X11; Linux x86_64) AppleWebKit/537.36 (KHTML, like Gecko) Chrome/142.0.0.0 Safari/537.36', 'ZXlKcGRpSTZJazlzYkc5clVYaDBRbU15YnprMFVEa3lSMnhyUjBFOVBTSXNJblpoYkhWbElqb2labFJETlhGQlprWmlOVEJDV2twYWNqSTNPV2RXTlUxa1ZsSkdiRTFaVjJZelpVVnVWVTUzV2tGU2J6a3hkSGhWYUdSUGNXOXpSR1UwUTBsaU4zQnRSMlpMYlVNdlEyOVFTemhIWlhWQ2NVbDJXRkJOYVU1dU9YTkxNMFZyYldGRVpsaG9RV1JSV0hWMU9ISmpieTlzVDFrNU9IazFWVzExTjI5cWNXSjZhM3BRUzBkMldHODVlVVZ0Y0Zjek5FTXpNblJPVVdOeWVXNWhUemxYYUU5NVJrdEhWRU0zV1VoQ2FsUkpVM3BLT0dOWVFVRjZMMFJwWWtKWVpWTlVXRkZ0UTNaSldtaEJhR2RDZVhoR1dWUlJhak4xVDNkNVdsVm5kRnBMYmpoU1ZHSktPVTV4VERseU1YUXdaV05NWVN0WFNUTkZUeXRhUzFwV1dYcEJlR0l4TWpCNFdFaFJSRzlYVld4WE1FcG5WV2xFYlZOclMzYzlQU0lzSW0xaFl5STZJbUl4WmpKalpEQTBObU15TkdZNVpqRTNNVGhoTkdRM05HVXpPV1EwWkRrMFpUZzRaV014TmpsallUZG1aRFF5TUdZd1lqZzNNbUU1TjJVek5tWTNaamNpTENKMFlXY2lPaUlpZlE9PQ==', 1769673929),
('ynC1ceHmMMFroianOey2kO4qT5VfFZg0toJLkENv', NULL, '139.59.10.148', 'Mozilla/5.0 (X11; Linux x86_64) AppleWebKit/537.36 (KHTML, like Gecko) Chrome/142.0.0.0 Safari/537.36', 'ZXlKcGRpSTZJa05yUzFwWVIyTldWa056YUVjNE5pdEZiMk5sTjNjOVBTSXNJblpoYkhWbElqb2lRM2szVFhsT1VuWlJTVU5IUTNCaGVGbDNlblp1YkZCbFJ6UkhVVVU1YTFKVVRWbG1WVU5zTDFkM2JIb3JUV0k0YkRSVVJqQTBiekV6YjFsMksyNXFZMVY1TUZGMFFqRk1TemNySzFWd1pVTlRVekZVT0dvclJrWXlOSFp2U0d4bVMzZERkRGgxYlRaRk4zaERPVlJwYUVwNlQyOTFXVmRTVVhnMlVFOURPWHB3U2tOR1RVOXpWRzFFU2t0aFV6QlVjMVZuVVdVMWEzUnhUemhHUm5sVWFHcDJXamMzTlRCT1FVRjVhMHRrZUU1Q0syNDVVWGRWU21GbmFXVlhhV0ZYTDBOMFVGWkxZbkZMYmpkYU5qaElaRFJPYzNORWEyVjNMMWhwSzJweU4wMXJNbmRTWldWamJXZDBUakZMTmxBdlRIbzBjMkV5ZGk5R1MxZHVVMUpaUldkeVUzUllTRXRyTUdaWk5UbDZZelZPYms1R1ZtYzlQU0lzSW0xaFl5STZJalJsWVdFME9HRTFNV0V3TnpGbU1EZ3paVE5sTWpRME5qUTNZVFU1WXpRellXSmtNREV5TldKak4yWmhPVEJoTmpJeFlUa3lNemxqWXpReVltSXpNRFFpTENKMFlXY2lPaUlpZlE9PQ==', 1769569433),
('ytFaKpHusQk17SLMdKh3SMY2iJaPcHrnAagbVstF', NULL, '152.32.128.214', 'Mozilla/5.0 (X11; Linux x86_64) AppleWebKit/550.55 (KHTML, like Gecko) Chrome/71.0.190 Safari/537.36', 'ZXlKcGRpSTZJbGxMY0ZOcGJWUnRhbmhUWjFRMFYwVlZkMEZvVFZFOVBTSXNJblpoYkhWbElqb2llakZSTHpBdlRXdFhSbXRZYlROa2VWVkVSVWxsTmpKSGNIcFZjV0pUYVdkS1lVTTBXa0ZZVEV4TWVsSmhabXM1ZDJoeE1qQlZLekZJVDAxbU1tSlFWRU5WYm1STFVFZFJZblprTjBKMldXd3JSMWxpTTA1bmQySlZOak5QWVVvelpFMWxWbGRTUkhKV2QwWmpUbW8yWlhjeVEwSk5TbVpVV2tOWGFVMUNLM0J1ZUZVeWFGcEtibEpZWnpCc05VazJWbmd5T0hJd2JGZEtaVXRqU2pGV2VVNVNWMUZ5UzJjNU1HdEJUME13UlRFck4yZHZUMWwwTkRaU1pTOUdhREJhUTJsRFJXWlVUVEZWZW5JeldHbDBWMlpLYVRKMlFsQjROMnhyUW1kdmJrUjJkSFkwUkhkclVYVlhWM0ozTlRjMlNYaGpWMFZKZWtSYUwxRlNXRzFNTUcxNVNUWkNWMkkxTjJwRk9HRmpSVE5qVG04cmRWRTlQU0lzSW0xaFl5STZJbUV4WlRJeFlUY3hORGhrTXpFNU9URTBNV0U1TmpnNE9UY3pZbU16TW1JeVltWXhNR0V4T0RJek1tWmhNRGsyWVRkaVptSXhaakZrWW1OaU5UazRPV1lpTENKMFlXY2lPaUlpZlE9PQ==', 1769600147),
('yW1zj168CbrARQibEK1kSebBJoSDhedZNzfDftst', NULL, '152.32.215.244', 'Mozilla/5.0 (X11; Linux x86_64) AppleWebKit/586.37 (KHTML, like Gecko) Chrome/65.0.1286 Safari/537.36', 'ZXlKcGRpSTZJa2xoU0cxWFltTXhWMmszUTNCWFVteERlWEZKVTFFOVBTSXNJblpoYkhWbElqb2lXbE51ZDFCMWVFUkJLMk4yT1dkc2FXZFlOblJVTUdJME1WUXZOVGxJV1VWYVNYTXdVWEEzVFRVNFZEaFNLMWRGS3pRd1lsRkVOWFJ5U0dsVWVub3dVazFXWVV4d2VEUllXbGhwZW5sRk1YRjJNbEZrT0ZGRE4yTkNkbmw0VWxSYVpVVlBWRU53U1ROQ1JVTkdiWFZRZGpVd1pGRkRVakJuYWpsdWFYaGhkVkV4UjFWcU5HdDZMMUp0WmxsNFIwVnJjV1ptVkRSS2N6WkVNMjh4VTJ4bmEwSmFWMHA1YnpOU2JEQnJWMlZwTW1SWFExbDROMnA1TDJsMVZXWmhSWGR4UVV4SFdYcElRMGd2VGpGNFJpdEdWMWhpV21oTmJYRjRUREpCVWsxMlZIWXpWakpTV1dseFlWTlhVblZUZVc1NFJtWlFNa2xOVkVGRVJFWk9aV0ZNUTFaMlR6VjZaa0l2Ym5vME9UTTVMMjFoTVVkRmIwRTlQU0lzSW0xaFl5STZJalJrWlRjeE16WXlaVFE0TlRNeFpEUXdORGRqWlRkaFlqRXlZbVJrTWpCbU1qZGxOMkUwWXpreU9UQTRNREF5WmpFeU5tWXlZbVZrTnpNNE1HTmlNMlVpTENKMFlXY2lPaUlpZlE9PQ==', 1769688377),
('YzZyDcBizRhWrFASQHNVxmlr6IZeTnou5YMG5Puh', NULL, '172.120.57.180', '', 'ZXlKcGRpSTZJazQzTVUxU0syVlFXVGhXYVdKU1JrZE9TbmxvVDFFOVBTSXNJblpoYkhWbElqb2lSRlp3WnpGcFNWcFlOVU16T1daalYzTkZiaTg0T1haWk5tMTZRa0p1YW1aeGNIRXpZU3M1WTJ0cFUyeGFXWHBaUldkalRqZzNkMlJwWlVoaWMySXpUWHB4VlVZMUt6WnBVVWx0ZFV0dk9FSlJiMUowYjBvdlRFbEdkMDl2TWtOVFZGSm5hVFE0VmpkalNUQXhXbk5PVEdaUGVHVXZlSFZaSzA0MVRGZHVVWEEwTlVwemRqWm5hbkY1VkVwSWQwMW9halpvTkdZNU4wVXlaRmx3VTBGbU5rTmthMlVyWTBsWGRGSkZQU0lzSW0xaFl5STZJbUZrTURkbVl6QmtObU5qWTJRd1kyUmlZMk5pTm1KbU1ERXdZakJoTUdNeFl6WTNNekV3WkRnMU5HVTBZelUwT1dGbU5tWmtNelJoWXpZMk5qRmtORGNpTENKMFlXY2lPaUlpZlE9PQ==', 1769594291),
('ZMaotAj0Slxy4Zklk1FGv9vl3KM9b8FNpPP6yxTd', NULL, '43.135.144.81', 'Mozilla/5.0 (iPhone; CPU iPhone OS 13_2_3 like Mac OS X) AppleWebKit/605.1.15 (KHTML, like Gecko) Version/13.0.3 Mobile/15E148 Safari/604.1', 'ZXlKcGRpSTZJakZHU25aNmQxSnZVbkE1U2prdmFuaHpNakZaWjBFOVBTSXNJblpoYkhWbElqb2lkMWgyUmpoMVMzZDVVbXROWjJjMFF6Rm5kbFZxYzJ0UFIwTXlNR3R5U205elRYSm5NV0ZyWkdkdVFuQXhSVVZxWTNWeFducGtVamh3TUc5UFZGSk1jREprU0U5VVFtSlNMelkwZHl0blRWZHlaRmhaTlRCdU1HVmpXVUYwVUZack1rdGtUazFIVEVNMVZEa3JhM2dyTjBWNGQwa3ZSRVZYZVdRNVNESlpUamxFVWtwMmRGcHVUMWxtZEhaNU0yMUhVamMxTWk5bmQxbzNlVXhvTjNOSGVrdzVObXhTT1cxeFYwSkNPVTk2ZEhCNlVrRklWWEpwWVZWa1oybFNkMFYwYVU5blIycE9RMkZ3U1hOa2VETkJRVVZyWlVONGRURk1WMWxYV0dKRkx6RTRTREZrYkZGV05VVnJiVEJZWjJaeGJqUkpiazVMSzNGcWR5dDJXVWhRWkV0eFJGUlNZWGRvVmtaUFlXeElhRzVJVkVad01IYzlQU0lzSW0xaFl5STZJbU5rTWpJNU56bG1aREV3WWpGall6QXlZbUprT0dRM1lUVXhZekl4T0RobE5tRTRaVFExTkdNNFlqWXdNREptTWpFM1pXWTJORGsyTkRreE9UWTNZV1VpTENKMFlXY2lPaUlpZlE9PQ==', 1769594580),
('zPvuAOhvYAgLNtU142iL2JIvTnzWGDBMgqX2UvDb', NULL, '176.53.222.177', 'Mozilla/5.0 (Windows NT 10.0; Win64; x64) AppleWebKit/537.36 (KHTML, like Gecko) Chrome/94.0.4606.61 Safari/537.36', 'ZXlKcGRpSTZJbkIyUkZONVF6RjFabEJMT1RkWlVuaGtVa2MyVVhjOVBTSXNJblpoYkhWbElqb2lVbXBSTDFkMFYyRndNRkZLWjFSVmVDc3ZjRmhFTTFNMFpsTXlNbEk1ZVhwdVZFeDVUMUEzTkV4UWVrNVBTemxKUjA1TFUybGFSR1ZrUWxRM1dITmlkbmhaU1RsVWFIcFlUSFppWm1KbWJuSkpiV0U1TXpScWFsTXlWR1YxT0ZaMlozWmFPRUpIUWpKd1FXOW5PWFpyYTFkM01WTnVTbXg1WVRJMUt6TkJZWFJCVEZNM2FHeFJObFJrY25aNWRtVmlhbkJ2YW1KSU55c3dVa2RtZFhSNGNqaENjblY1U21zemJuWldhRWREZUVZMlpHeEVUV1J0T1dKUVlYaFpUMGRGVm5GRWRqQlRNRE0zZFUxNE1tWlRTMWw2V1ZJclVrSm5aRU5rUjNwb2QwMVJXREUwVEhaV1drSkdhelJMTldOelNsVnlURE5xVUhaQlRVVlNjVkZ2YzJKbVEyWjFXakJCVldWbVNGWnFURU5HT0dFeWFWRTlQU0lzSW0xaFl5STZJamN4WVRObVl6Z3pNVE5pWTJGa1pUVmtZekU0WlRsbU9EVXdOVEl3TlRjd05HUmhZMlEyWVRGaVpEaGhNV1U1TkdKaVlXWTFOakUzTkdZMlpEaGlOVFFpTENKMFlXY2lPaUlpZlE9PQ==', 1769581962),
('zRQZOaIvpLLODizeUMjDP67d450D5TIf3U5kiCaE', NULL, '170.106.65.93', 'Mozilla/5.0 (iPhone; CPU iPhone OS 13_2_3 like Mac OS X) AppleWebKit/605.1.15 (KHTML, like Gecko) Version/13.0.3 Mobile/15E148 Safari/604.1', 'ZXlKcGRpSTZJakZSWVdsVGQzaHlZVkJTVHpkSVdHMVRWRTFyYlZFOVBTSXNJblpoYkhWbElqb2liVXg1SzFkTmVsTXdaM2xCV2tvcmFWZHJNa2x6VVM5YVVFTm1SV1JuVDJGSWVDczFlbGRtU21Zd1EwTkNjbWxSWmt0aVFsQlZlWE13T1ZaMVprdFlOVVZ2UWk5VGQxUnphREZIUkZOWVEycGhibUptT1d4U2FsazFXVlJaUzBJelNESnZNSGRLYkhoWVRUTk1hRE5FYTFkcVkxTmtiR2czY1hsR1RqQnhNRGsxVUd4aU5WQjJWV2hDTjI1Q05rNXRXRVF3YjJkMGNVOTBOM0pCV1ZseGVHWkJiRUZQV2xNMFkzUTVSSGxyWjBsUWJFNHhabFpFVkVjM1pESkZWRzVhYkVWUU1tdDNZMnh6V21ZMFUwOHpNWEJKWW5CT04yRjNXR0ZSV25NMk5VZHVhWFpWT1hodlJHYzVRVU5DYVVzelJUUmhjR3hIY1RaMlpuZzNNRFZ0Y1hwTFYxaERWMlZCTTBwS01VSkZaMWhQTDNkdVVHYzlQU0lzSW0xaFl5STZJalF4TkRBMU9UQXhPVGt6Wm1VNE1UVTVOREZoTW1JeU1qVmpOR0ZpTnpnNU5tSXdOemd5WW1GbE9UbGhZemszWkdWaU5qSTVaRE5rWmpSa01EUmxPR0lpTENKMFlXY2lPaUlpZlE9PQ==', 1769768004);

-- --------------------------------------------------------

--
-- Table structure for table `students`
--

CREATE TABLE `students` (
  `id` bigint(20) UNSIGNED NOT NULL,
  `is_captain` tinyint(1) NOT NULL DEFAULT 0,
  `school_id` bigint(20) UNSIGNED NOT NULL,
  `class_id` bigint(20) UNSIGNED NOT NULL,
  `section_id` bigint(20) UNSIGNED NOT NULL,
  `student_name` varchar(255) NOT NULL,
  `phone` varchar(50) NOT NULL,
  `email` varchar(255) NOT NULL,
  `password` varchar(255) NOT NULL,
  `password_words` varchar(255) NOT NULL,
  `created_at` timestamp NULL DEFAULT NULL,
  `updated_at` timestamp NULL DEFAULT NULL
) ENGINE=InnoDB DEFAULT CHARSET=utf8mb4 COLLATE=utf8mb4_unicode_ci;

--
-- Dumping data for table `students`
--

INSERT INTO `students` (`id`, `is_captain`, `school_id`, `class_id`, `section_id`, `student_name`, `phone`, `email`, `password`, `password_words`, `created_at`, `updated_at`) VALUES
(16, 0, 7, 24, 19, 'Affan Janab', '03253294825', 'affanjanabstudent@gmail.com', '$2y$12$hFbDqE6SZHJuG7dW1UvS6OxiojkmiCFJ2Qx3jHMQ3n.SAjSlXfuQ6', '12345678', '2025-11-03 10:47:36', '2025-12-12 16:23:01'),
(17, 1, 7, 25, 17, 'zakariya Ahmad', '03253294825', 'zakariyastudent@gmail.com', '$2y$12$7R5ZOEn3BWxBykAPo3/fC.ZppbVX5NRevBfwgd.Y18Q10zzFWkf0e', '12345678', '2025-11-03 10:48:39', '2025-11-11 09:06:54'),
(18, 0, 7, 26, 20, 'haris', '+1 (427) 283-2188', 'haris@gmail.com', '$2y$12$zomY0OM0Gtwv5qUOon0l0OOHaQaS6d8R50OXz6TbDFnfmW9.bRhT2', '12345678', '2025-11-03 14:00:06', '2025-11-06 14:38:14'),
(19, 0, 7, 26, 20, 'Joseph', '01128841105', 'jos@gmail.com', '$2y$12$AfX/hVKTTJrss7PDzWKLl.SWOKcDh3RNoww5Ut1utG4H9042PWnyK', '12345678', '2025-11-03 15:44:40', '2025-11-06 14:46:33'),
(20, 0, 7, 26, 21, 'alex', '923333304410', 'alex@gmail.com', '$2y$12$Agr0mTphFeflTxJ63Ba3EuPKcuvcYBBzjW/u8/rFvlbBBkGXdO8Cm', '12345678', '2025-11-03 15:45:39', '2025-11-06 14:28:54'),
(21, 0, 5, 31, 22, 'NAJAM', '03001234567', 'najam@gmail.com', '$2y$12$u6hbEnSUdQYBl5gjWKtVveXN4VKa89uOGGwFNKCYGF0nWhGQ1xRzO', '12345678', '2025-11-05 09:12:42', '2025-11-05 09:12:42'),
(22, 0, 5, 31, 22, 'owais', '03253294825', 'owais@gmail.com', '$2y$12$hn3.bZjxv13.paRjEsHel.npRyc0QkGkdJm0/BeDGLXF0Ol/65F.a', '12345678', '2025-11-05 09:47:56', '2025-11-05 09:47:56'),
(23, 0, 5, 32, 23, 'bilal', '03253294825', 'bilal@gmail.com', '$2y$12$PXVs2FW.I3QhyC4DYWGIJecj0FmIXOIZVWH4.rTYwVm4ut1tMs16W', '12345678', '2025-11-05 09:50:27', '2025-11-05 09:50:27');

-- --------------------------------------------------------

--
-- Table structure for table `student_actions`
--

CREATE TABLE `student_actions` (
  `id` bigint(20) UNSIGNED NOT NULL,
  `user_id` bigint(20) UNSIGNED NOT NULL,
  `class_id` bigint(20) UNSIGNED NOT NULL,
  `section_id` bigint(20) UNSIGNED DEFAULT NULL,
  `school_id` bigint(20) UNSIGNED NOT NULL,
  `domain` varchar(255) NOT NULL,
  `unit` varchar(255) NOT NULL,
  `amount_saved` decimal(10,2) DEFAULT NULL,
  `created_at` timestamp NULL DEFAULT NULL,
  `updated_at` timestamp NULL DEFAULT NULL
) ENGINE=InnoDB DEFAULT CHARSET=utf8mb4 COLLATE=utf8mb4_unicode_ci;

--
-- Dumping data for table `student_actions`
--

INSERT INTO `student_actions` (`id`, `user_id`, `class_id`, `section_id`, `school_id`, `domain`, `unit`, `amount_saved`, `created_at`, `updated_at`) VALUES
(58, 25, 24, 19, 7, 'Water', 'Liters', 5.00, '2025-11-03 13:50:44', '2025-11-03 13:50:44'),
(59, 26, 25, 17, 7, 'Water', 'Liters', 15.00, '2025-11-03 13:53:23', '2025-11-03 13:53:23'),
(60, 27, 26, 20, 7, 'Water', 'Liters', 50.00, '2025-11-03 14:01:12', '2025-11-03 14:01:12'),
(61, 27, 26, 20, 7, 'Water', 'Liters', 200.00, '2025-11-03 14:29:43', '2025-11-06 11:58:43'),
(62, 27, 26, 20, 7, 'Energy', 'kWh', 550.00, '2025-11-03 14:29:50', '2025-11-04 09:23:11'),
(63, 27, 26, 20, 7, 'Waste', 'Kg', 880.00, '2025-11-03 14:29:56', '2025-11-04 13:45:55'),
(64, 26, 25, 17, 7, 'Energy', 'kWh', 3.00, '2025-11-03 15:23:08', '2025-11-03 15:23:08'),
(65, 26, 25, 17, 7, 'Waste', 'Kg', 20.00, '2025-11-03 15:23:14', '2025-11-03 15:23:14'),
(66, 26, 25, 17, 7, 'Water', 'Liters', 15.00, '2025-11-03 15:23:21', '2025-11-03 15:23:21'),
(67, 26, 25, 17, 7, 'Energy', 'kWh', 7.00, '2025-11-03 15:26:47', '2025-11-03 15:26:47'),
(68, 28, 26, 20, 7, 'Water', 'Liters', 20.00, '2025-11-03 15:46:11', '2025-11-03 15:46:11'),
(69, 28, 26, 20, 7, 'Energy', 'kWh', 10.00, '2025-11-03 15:46:16', '2025-11-03 15:46:16'),
(70, 28, 26, 20, 7, 'Waste', 'Kg', 112.00, '2025-11-03 15:46:22', '2025-11-03 15:46:22'),
(71, 29, 26, 21, 7, 'Water', 'Liters', 40.00, '2025-11-03 15:48:14', '2025-11-03 15:48:14'),
(72, 29, 26, 21, 7, 'Energy', 'kWh', 40.00, '2025-11-03 15:48:19', '2025-11-03 15:48:19'),
(73, 29, 26, 21, 7, 'Waste', 'Kg', 40.00, '2025-11-03 15:48:24', '2025-11-03 15:48:24'),
(74, 26, 25, 17, 7, 'Water', 'Liters', 66.00, '2025-11-04 13:46:44', '2025-11-04 13:46:44'),
(75, 26, 25, 17, 7, 'Energy', 'kWh', 99.00, '2025-11-04 13:46:49', '2025-11-04 13:46:49'),
(76, 26, 25, 17, 7, 'Waste', 'Kg', 77.00, '2025-11-04 13:46:56', '2025-11-04 13:46:56'),
(77, 25, 24, 19, 7, 'Water', 'Liters', 140.00, '2025-11-04 13:47:47', '2025-11-04 13:47:47'),
(78, 25, 24, 19, 7, 'Energy', 'kWh', 330.00, '2025-11-04 13:47:53', '2025-11-04 13:47:53'),
(79, 25, 24, 19, 7, 'Waste', 'Kg', 980.00, '2025-11-04 13:48:00', '2025-11-04 13:48:00'),
(80, 30, 31, 22, 5, 'Water', 'Liters', 12.00, '2025-11-05 09:27:36', '2025-11-05 09:27:36'),
(81, 30, 31, 22, 5, 'Energy', 'kWh', 33.00, '2025-11-05 09:31:23', '2025-11-05 09:31:23'),
(82, 30, 31, 22, 5, 'Waste', 'Kg', 6.00, '2025-11-05 09:31:41', '2025-11-05 09:31:41'),
(83, 31, 31, 22, 5, 'Water', 'Liters', 65.00, '2025-11-05 09:48:22', '2025-11-05 09:48:22'),
(84, 31, 31, 22, 5, 'Energy', 'kWh', 88.00, '2025-11-05 09:48:29', '2025-11-05 09:48:29'),
(85, 31, 31, 22, 5, 'Waste', 'Kg', 87.00, '2025-11-05 09:48:40', '2025-11-05 09:48:40'),
(86, 32, 32, 23, 5, 'Water', 'Liters', 99.00, '2025-11-05 09:50:41', '2025-11-05 09:50:41'),
(87, 32, 32, 23, 5, 'Energy', 'kWh', 60.00, '2025-11-05 09:50:45', '2025-11-05 09:50:45'),
(88, 32, 32, 23, 5, 'Waste', 'Kg', 55.00, '2025-11-05 09:50:50', '2025-11-05 09:50:50'),
(89, 27, 26, 20, 7, 'Energy', 'kWh', 4.00, '2025-11-06 09:09:41', '2025-11-06 09:09:41'),
(90, 27, 26, 20, 7, 'Waste', 'Kg', 44.00, '2025-11-06 09:09:48', '2025-11-06 09:09:48'),
(91, 27, 26, 20, 7, 'Energy', 'kWh', 66.00, '2025-11-06 10:42:51', '2025-11-06 10:42:51'),
(92, 27, 26, 20, 7, 'Water', 'Liters', 100.00, '2025-11-06 11:38:09', '2025-11-06 11:58:36'),
(93, 27, 26, 20, 7, 'Water', 'Liters', 300.00, '2025-11-06 11:49:29', '2025-11-06 11:58:29'),
(94, 29, 26, 21, 7, 'Water', 'Liters', 60.00, '2025-12-12 16:26:41', '2025-12-12 16:26:41'),
(95, 29, 26, 21, 7, 'Energy', 'kWh', 80.00, '2025-12-12 16:27:01', '2025-12-12 16:27:01'),
(96, 29, 26, 21, 7, 'Waste', 'Kg', 50.00, '2025-12-12 16:27:19', '2025-12-12 16:28:07'),
(97, 29, 26, 21, 7, 'Water', 'Liters', 50.00, '2025-12-12 17:32:29', '2025-12-12 17:32:29');

-- --------------------------------------------------------

--
-- Table structure for table `users`
--

CREATE TABLE `users` (
  `id` bigint(20) UNSIGNED NOT NULL,
  `student_id` bigint(20) UNSIGNED DEFAULT NULL,
  `role_id` bigint(20) UNSIGNED DEFAULT NULL,
  `school_id` bigint(20) UNSIGNED DEFAULT NULL,
  `class_id` bigint(20) UNSIGNED DEFAULT NULL,
  `section_id` bigint(20) UNSIGNED DEFAULT NULL,
  `name` varchar(255) NOT NULL,
  `email` varchar(255) NOT NULL,
  `password` varchar(255) NOT NULL,
  `password_words` varchar(255) DEFAULT NULL,
  `phone` varchar(255) DEFAULT NULL,
  `profile_image` varchar(255) DEFAULT NULL,
  `remember_token` varchar(100) DEFAULT NULL,
  `created_at` timestamp NULL DEFAULT NULL,
  `updated_at` timestamp NULL DEFAULT NULL
) ENGINE=InnoDB DEFAULT CHARSET=utf8mb4 COLLATE=utf8mb4_unicode_ci;

--
-- Dumping data for table `users`
--

INSERT INTO `users` (`id`, `student_id`, `role_id`, `school_id`, `class_id`, `section_id`, `name`, `email`, `password`, `password_words`, `phone`, `profile_image`, `remember_token`, `created_at`, `updated_at`) VALUES
(1, NULL, 1, NULL, NULL, NULL, 'admin', 'admin@gmail.com', '$2y$12$eLrxFhNywcqjntm4ADRZH.sKR7rcE3XjnOSDXVNh20YTCSSavUrQ6', '12345678', NULL, NULL, 'LshRz9UyNYH4IR8RygkI47vbCs1hTcVpVMz5EMnuuuseInyFlFHk7NBEXkcO', '2025-10-24 13:22:31', '2025-10-24 13:22:31'),
(5, NULL, 3, 7, NULL, NULL, 'Casablanca school', 'school@gmail.com', '$2y$12$c89aG.iBpTJWTOrIlzezCucgWR/91w8mJek9wfA65dOunH6/68laa', '12345678', NULL, NULL, NULL, '2025-10-28 08:20:27', '2025-12-12 17:36:07'),
(25, 16, 2, 7, 24, 19, 'Affan Janab', 'affanjanabstudent@gmail.com', '$2y$12$CBHTq3WVEgS7w/nKDdyJvOQJ1RkGqlJHOY4/K9N4YvNdncJVUYrDC', '12345678', NULL, NULL, NULL, '2025-11-03 10:47:37', '2025-11-03 10:47:37'),
(26, 17, 2, 7, 25, 17, 'zakariya Ahmad', 'zakariyastudent@gmail.com', '$2y$12$x9VSxZj.XU06bMqpa23Bfem/CANWPFVsrUqXnU2bszAqToFNuDXIq', '12345678', NULL, NULL, NULL, '2025-11-03 10:48:39', '2025-11-03 10:48:39'),
(27, 18, 2, 7, 26, 20, 'haris', 'haris@gmail.com', '$2y$12$CNsx6fW64LceR8qtptXsRuW82/0UMBtqNtVhcuv4fHolUc545vBgi', '12345678', NULL, NULL, NULL, '2025-11-03 14:00:06', '2025-11-05 15:16:38'),
(28, 19, 2, 7, 26, 20, 'Joseph', 'jos@gmail.com', '$2y$12$tRGrJT7JGlGgPbxUM8L19.o4okOsXxkWMIVvDRYFjsDhcrR6YuB5a', '12345678', NULL, NULL, NULL, '2025-11-03 15:44:40', '2025-11-03 15:44:40'),
(29, 20, 2, 7, 26, 21, 'alex', 'alex@gmail.com', '$2y$12$jaAL55PppnSFMJkzMJyqTOsFbnI2ct2AWCUcwDY1.8JqB76ZP6DJ6', '12345678', NULL, NULL, NULL, '2025-11-03 15:45:40', '2025-11-03 15:45:40'),
(30, 21, 2, 5, 31, NULL, 'NAJAM', 'najam@gmail.com', '$2y$12$X5P6ZQh7nD6PKZPdtO3DQevUhJ6W4gFnTgEpVpCLR.zlSfdobRkxy', '12345678', NULL, NULL, NULL, '2025-11-05 09:12:42', '2025-11-05 09:12:42'),
(31, 22, 2, 5, 31, NULL, 'owais', 'owais@gmail.com', '$2y$12$YR1zr4J5Fswdw1qBnXLfSOE4IZAaGj0OTIDnWM0d5bRFzrtfY9u1q', '12345678', NULL, NULL, NULL, '2025-11-05 09:47:56', '2025-11-05 09:47:56'),
(32, 23, 2, 5, 32, NULL, 'bilal', 'bilal@gmail.com', '$2y$12$2ta8g1.0E68NY.fcATI.3.b5df7B4z7CJaSNiOqh0FJl/w6qYRsIa', '12345678', NULL, NULL, NULL, '2025-11-05 09:50:27', '2025-11-05 09:50:27');

--
-- Indexes for dumped tables
--

--
-- Indexes for table `cache`
--
ALTER TABLE `cache`
  ADD PRIMARY KEY (`key`);

--
-- Indexes for table `cache_locks`
--
ALTER TABLE `cache_locks`
  ADD PRIMARY KEY (`key`);

--
-- Indexes for table `classes`
--
ALTER TABLE `classes`
  ADD PRIMARY KEY (`id`),
  ADD KEY `classes_school_id_foreign` (`school_id`);

--
-- Indexes for table `domain_targets`
--
ALTER TABLE `domain_targets`
  ADD PRIMARY KEY (`id`);

--
-- Indexes for table `medals`
--
ALTER TABLE `medals`
  ADD PRIMARY KEY (`id`),
  ADD KEY `medals_school_id_foreign` (`school_id`),
  ADD KEY `medals_class_id_foreign` (`class_id`),
  ADD KEY `fk_medals_section` (`section_id`),
  ADD KEY `fk_medals_student` (`student_id`);

--
-- Indexes for table `migrations`
--
ALTER TABLE `migrations`
  ADD PRIMARY KEY (`id`);

--
-- Indexes for table `roles`
--
ALTER TABLE `roles`
  ADD PRIMARY KEY (`id`);

--
-- Indexes for table `schools`
--
ALTER TABLE `schools`
  ADD PRIMARY KEY (`id`);

--
-- Indexes for table `school_baselines`
--
ALTER TABLE `school_baselines`
  ADD PRIMARY KEY (`id`),
  ADD KEY `school_baselines_school_id_foreign` (`school_id`);

--
-- Indexes for table `sections`
--
ALTER TABLE `sections`
  ADD PRIMARY KEY (`id`),
  ADD KEY `sections_school_id_foreign` (`school_id`),
  ADD KEY `sections_class_id_foreign` (`class_id`);

--
-- Indexes for table `sessions`
--
ALTER TABLE `sessions`
  ADD PRIMARY KEY (`id`),
  ADD KEY `sessions_user_id_index` (`user_id`),
  ADD KEY `sessions_last_activity_index` (`last_activity`);

--
-- Indexes for table `students`
--
ALTER TABLE `students`
  ADD PRIMARY KEY (`id`),
  ADD UNIQUE KEY `students_email_unique` (`email`),
  ADD KEY `students_school_id_foreign` (`school_id`),
  ADD KEY `students_class_id_foreign` (`class_id`),
  ADD KEY `students_section_id_foreign` (`section_id`);

--
-- Indexes for table `student_actions`
--
ALTER TABLE `student_actions`
  ADD PRIMARY KEY (`id`),
  ADD KEY `student_actions_user_id_foreign` (`user_id`),
  ADD KEY `student_actions_class_id_foreign` (`class_id`),
  ADD KEY `student_actions_school_id_foreign` (`school_id`),
  ADD KEY `student_actions_section_id_foreign` (`section_id`);

--
-- Indexes for table `users`
--
ALTER TABLE `users`
  ADD PRIMARY KEY (`id`),
  ADD KEY `users_school_id_foreign` (`school_id`),
  ADD KEY `users_class_id_foreign` (`class_id`),
  ADD KEY `fk_users_student` (`student_id`),
  ADD KEY `users_section_id_foreign` (`section_id`);

--
-- AUTO_INCREMENT for dumped tables
--

--
-- AUTO_INCREMENT for table `classes`
--
ALTER TABLE `classes`
  MODIFY `id` bigint(20) UNSIGNED NOT NULL AUTO_INCREMENT, AUTO_INCREMENT=35;

--
-- AUTO_INCREMENT for table `domain_targets`
--
ALTER TABLE `domain_targets`
  MODIFY `id` bigint(20) UNSIGNED NOT NULL AUTO_INCREMENT, AUTO_INCREMENT=2;

--
-- AUTO_INCREMENT for table `medals`
--
ALTER TABLE `medals`
  MODIFY `id` bigint(20) UNSIGNED NOT NULL AUTO_INCREMENT, AUTO_INCREMENT=114;

--
-- AUTO_INCREMENT for table `migrations`
--
ALTER TABLE `migrations`
  MODIFY `id` int(10) UNSIGNED NOT NULL AUTO_INCREMENT, AUTO_INCREMENT=20;

--
-- AUTO_INCREMENT for table `roles`
--
ALTER TABLE `roles`
  MODIFY `id` bigint(20) UNSIGNED NOT NULL AUTO_INCREMENT, AUTO_INCREMENT=4;

--
-- AUTO_INCREMENT for table `schools`
--
ALTER TABLE `schools`
  MODIFY `id` bigint(20) UNSIGNED NOT NULL AUTO_INCREMENT, AUTO_INCREMENT=19;

--
-- AUTO_INCREMENT for table `school_baselines`
--
ALTER TABLE `school_baselines`
  MODIFY `id` bigint(20) UNSIGNED NOT NULL AUTO_INCREMENT, AUTO_INCREMENT=14;

--
-- AUTO_INCREMENT for table `sections`
--
ALTER TABLE `sections`
  MODIFY `id` bigint(20) UNSIGNED NOT NULL AUTO_INCREMENT, AUTO_INCREMENT=25;

--
-- AUTO_INCREMENT for table `students`
--
ALTER TABLE `students`
  MODIFY `id` bigint(20) UNSIGNED NOT NULL AUTO_INCREMENT, AUTO_INCREMENT=25;

--
-- AUTO_INCREMENT for table `student_actions`
--
ALTER TABLE `student_actions`
  MODIFY `id` bigint(20) UNSIGNED NOT NULL AUTO_INCREMENT, AUTO_INCREMENT=98;

--
-- AUTO_INCREMENT for table `users`
--
ALTER TABLE `users`
  MODIFY `id` bigint(20) UNSIGNED NOT NULL AUTO_INCREMENT, AUTO_INCREMENT=37;

--
-- Constraints for dumped tables
--

--
-- Constraints for table `classes`
--
ALTER TABLE `classes`
  ADD CONSTRAINT `classes_school_id_foreign` FOREIGN KEY (`school_id`) REFERENCES `schools` (`id`) ON DELETE CASCADE;

--
-- Constraints for table `medals`
--
ALTER TABLE `medals`
  ADD CONSTRAINT `fk_medals_section` FOREIGN KEY (`section_id`) REFERENCES `sections` (`id`) ON DELETE CASCADE,
  ADD CONSTRAINT `fk_medals_student` FOREIGN KEY (`student_id`) REFERENCES `students` (`id`) ON DELETE CASCADE,
  ADD CONSTRAINT `medals_class_id_foreign` FOREIGN KEY (`class_id`) REFERENCES `classes` (`id`) ON DELETE CASCADE,
  ADD CONSTRAINT `medals_school_id_foreign` FOREIGN KEY (`school_id`) REFERENCES `schools` (`id`) ON DELETE CASCADE;

--
-- Constraints for table `school_baselines`
--
ALTER TABLE `school_baselines`
  ADD CONSTRAINT `school_baselines_school_id_foreign` FOREIGN KEY (`school_id`) REFERENCES `schools` (`id`) ON DELETE CASCADE;

--
-- Constraints for table `sections`
--
ALTER TABLE `sections`
  ADD CONSTRAINT `sections_class_id_foreign` FOREIGN KEY (`class_id`) REFERENCES `classes` (`id`) ON DELETE CASCADE,
  ADD CONSTRAINT `sections_school_id_foreign` FOREIGN KEY (`school_id`) REFERENCES `schools` (`id`) ON DELETE CASCADE;

--
-- Constraints for table `students`
--
ALTER TABLE `students`
  ADD CONSTRAINT `students_class_id_foreign` FOREIGN KEY (`class_id`) REFERENCES `classes` (`id`) ON DELETE CASCADE,
  ADD CONSTRAINT `students_school_id_foreign` FOREIGN KEY (`school_id`) REFERENCES `schools` (`id`) ON DELETE CASCADE,
  ADD CONSTRAINT `students_section_id_foreign` FOREIGN KEY (`section_id`) REFERENCES `sections` (`id`) ON DELETE CASCADE;

--
-- Constraints for table `student_actions`
--
ALTER TABLE `student_actions`
  ADD CONSTRAINT `student_actions_class_id_foreign` FOREIGN KEY (`class_id`) REFERENCES `classes` (`id`) ON DELETE CASCADE,
  ADD CONSTRAINT `student_actions_school_id_foreign` FOREIGN KEY (`school_id`) REFERENCES `schools` (`id`) ON DELETE CASCADE,
  ADD CONSTRAINT `student_actions_section_id_foreign` FOREIGN KEY (`section_id`) REFERENCES `sections` (`id`) ON DELETE CASCADE,
  ADD CONSTRAINT `student_actions_user_id_foreign` FOREIGN KEY (`user_id`) REFERENCES `users` (`id`) ON DELETE CASCADE;

--
-- Constraints for table `users`
--
ALTER TABLE `users`
  ADD CONSTRAINT `fk_users_student` FOREIGN KEY (`student_id`) REFERENCES `students` (`id`) ON DELETE CASCADE ON UPDATE CASCADE,
  ADD CONSTRAINT `users_class_id_foreign` FOREIGN KEY (`class_id`) REFERENCES `classes` (`id`) ON DELETE SET NULL,
  ADD CONSTRAINT `users_school_id_foreign` FOREIGN KEY (`school_id`) REFERENCES `schools` (`id`) ON DELETE CASCADE ON UPDATE CASCADE,
  ADD CONSTRAINT `users_section_id_foreign` FOREIGN KEY (`section_id`) REFERENCES `sections` (`id`) ON DELETE SET NULL ON UPDATE SET NULL;
COMMIT;

/*!40101 SET CHARACTER_SET_CLIENT=@OLD_CHARACTER_SET_CLIENT */;
/*!40101 SET CHARACTER_SET_RESULTS=@OLD_CHARACTER_SET_RESULTS */;
/*!40101 SET COLLATION_CONNECTION=@OLD_COLLATION_CONNECTION */;
